Country,0,0,1
Algeria,6,2000,PR
Algeria,5,2000,CL
Algeria,NF,2000,Status
Algeria,6,2001,PR
Algeria,5,2001,CL
Algeria,NF,2001,Status
Algeria,6,2002,PR
Algeria,5,2002,CL
Algeria,NF,2002,Status
Algeria,6,2003,PR
Algeria,5,2003,CL
Algeria,NF,2003,Status
Algeria,6,2004,PR
Algeria,5,2004,CL
Algeria,NF,2004,Status
Algeria,6,2005,PR
Algeria,5,2005,CL
Algeria,NF,2005,Status
Algeria,6,2006,PR
Algeria,5,2006,CL
Algeria,NF,2006,Status
Algeria,6,2007,PR
Algeria,5,2007,CL
Algeria,NF,2007,Status
Algeria,6,2008,PR
Algeria,5,2008,CL
Algeria,NF,2008,Status
Algeria,6,2009,PR
Algeria,5,2009,CL
Algeria,NF,2009,Status
Algeria,6,2010,PR
Algeria,5,2010,CL
Algeria,NF,2010,Status
Algeria,6,2011,PR
Algeria,5,2011,CL
Algeria,NF,2011,Status
Algeria,6,2012,PR
Algeria,5,2012,CL
Algeria,NF,2012,Status
Algeria,6,2013,PR
Algeria,5,2013,CL
Algeria,NF,2013,Status
Algeria,6,2014,PR
Algeria,5,2014,CL
Algeria,NF,2014,Status
Angola,6,2000,PR
Angola,6,2000,CL
Angola,NF,2000,Status
Angola,6,2001,PR
Angola,6,2001,CL
Angola,NF,2001,Status
Angola,6,2002,PR
Angola,5,2002,CL
Angola,NF,2002,Status
Angola,6,2003,PR
Angola,5,2003,CL
Angola,NF,2003,Status
Angola,6,2004,PR
Angola,5,2004,CL
Angola,NF,2004,Status
Angola,6,2005,PR
Angola,5,2005,CL
Angola,NF,2005,Status
Angola,6,2006,PR
Angola,5,2006,CL
Angola,NF,2006,Status
Angola,6,2007,PR
Angola,5,2007,CL
Angola,NF,2007,Status
Angola,6,2008,PR
Angola,5,2008,CL
Angola,NF,2008,Status
Angola,6,2009,PR
Angola,5,2009,CL
Angola,NF,2009,Status
Angola,6,2010,PR
Angola,5,2010,CL
Angola,NF,2010,Status
Angola,6,2011,PR
Angola,5,2011,CL
Angola,NF,2011,Status
Angola,6,2012,PR
Angola,5,2012,CL
Angola,NF,2012,Status
Angola,6,2013,PR
Angola,5,2013,CL
Angola,NF,2013,Status
Angola,6,2014,PR
Angola,5,2014,CL
Angola,NF,2014,Status
Bahrain,7,2000,PR
Bahrain,6,2000,CL
Bahrain,NF,2000,Status
Bahrain,6,2001,PR
Bahrain,5,2001,CL
Bahrain,NF,2001,Status
Bahrain,5,2002,PR
Bahrain,5,2002,CL
Bahrain,PF,2002,Status
Bahrain,5,2003,PR
Bahrain,5,2003,CL
Bahrain,PF,2003,Status
Bahrain,5,2004,PR
Bahrain,5,2004,CL
Bahrain,PF,2004,Status
Bahrain,5,2005,PR
Bahrain,5,2005,CL
Bahrain,PF,2005,Status
Bahrain,5,2006,PR
Bahrain,5,2006,CL
Bahrain,PF,2006,Status
Bahrain,5,2007,PR
Bahrain,5,2007,CL
Bahrain,PF,2007,Status
Bahrain,5,2008,PR
Bahrain,5,2008,CL
Bahrain,PF,2008,Status
Bahrain,6,2009,PR
Bahrain,5,2009,CL
Bahrain,NF,2009,Status
Bahrain,6,2010,PR
Bahrain,5,2010,CL
Bahrain,NF,2010,Status
Bahrain,6,2011,PR
Bahrain,6,2011,CL
Bahrain,NF,2011,Status
Bahrain,6,2012,PR
Bahrain,6,2012,CL
Bahrain,NF,2012,Status
Bahrain,6,2013,PR
Bahrain,6,2013,CL
Bahrain,NF,2013,Status
Bahrain,7,2014,PR
Bahrain,6,2014,CL
Bahrain,NF,2014,Status
Benin,2,2000,PR
Benin,2,2000,CL
Benin,F,2000,Status
Benin,3,2001,PR
Benin,2,2001,CL
Benin,F,2001,Status
Benin,3,2002,PR
Benin,2,2002,CL
Benin,F,2002,Status
Benin,2,2003,PR
Benin,2,2003,CL
Benin,F,2003,Status
Benin,2,2004,PR
Benin,2,2004,CL
Benin,F,2004,Status
Benin,2,2005,PR
Benin,2,2005,CL
Benin,F,2005,Status
Benin,2,2006,PR
Benin,2,2006,CL
Benin,F,2006,Status
Benin,2,2007,PR
Benin,2,2007,CL
Benin,F,2007,Status
Benin,2,2008,PR
Benin,2,2008,CL
Benin,F,2008,Status
Benin,2,2009,PR
Benin,2,2009,CL
Benin,F,2009,Status
Benin,2,2010,PR
Benin,2,2010,CL
Benin,F,2010,Status
Benin,2,2011,PR
Benin,2,2011,CL
Benin,F,2011,Status
Benin,2,2012,PR
Benin,2,2012,CL
Benin,F,2012,Status
Benin,2,2013,PR
Benin,2,2013,CL
Benin,F,2013,Status
Benin,2,2014,PR
Benin,2,2014,CL
Benin,F,2014,Status
Botswana,2,2000,PR
Botswana,2,2000,CL
Botswana,F,2000,Status
Botswana,2,2001,PR
Botswana,2,2001,CL
Botswana,F,2001,Status
Botswana,2,2002,PR
Botswana,2,2002,CL
Botswana,F,2002,Status
Botswana,2,2003,PR
Botswana,2,2003,CL
Botswana,F,2003,Status
Botswana,2,2004,PR
Botswana,2,2004,CL
Botswana,F,2004,Status
Botswana,2,2005,PR
Botswana,2,2005,CL
Botswana,F,2005,Status
Botswana,2,2006,PR
Botswana,2,2006,CL
Botswana,F,2006,Status
Botswana,2,2007,PR
Botswana,2,2007,CL
Botswana,F,2007,Status
Botswana,2,2008,PR
Botswana,2,2008,CL
Botswana,F,2008,Status
Botswana,3,2009,PR
Botswana,2,2009,CL
Botswana,F,2009,Status
Botswana,3,2010,PR
Botswana,2,2010,CL
Botswana,F,2010,Status
Botswana,3,2011,PR
Botswana,2,2011,CL
Botswana,F,2011,Status
Botswana,3,2012,PR
Botswana,2,2012,CL
Botswana,F,2012,Status
Botswana,3,2013,PR
Botswana,2,2013,CL
Botswana,F,2013,Status
Botswana,3,2014,PR
Botswana,2,2014,CL
Botswana,F,2014,Status
Burkina Faso,4,2000,PR
Burkina Faso,4,2000,CL
Burkina Faso,PF,2000,Status
Burkina Faso,4,2001,PR
Burkina Faso,4,2001,CL
Burkina Faso,PF,2001,Status
Burkina Faso,4,2002,PR
Burkina Faso,4,2002,CL
Burkina Faso,PF,2002,Status
Burkina Faso,4,2003,PR
Burkina Faso,4,2003,CL
Burkina Faso,PF,2003,Status
Burkina Faso,5,2004,PR
Burkina Faso,4,2004,CL
Burkina Faso,PF,2004,Status
Burkina Faso,5,2005,PR
Burkina Faso,3,2005,CL
Burkina Faso,PF,2005,Status
Burkina Faso,5,2006,PR
Burkina Faso,3,2006,CL
Burkina Faso,PF,2006,Status
Burkina Faso,5,2007,PR
Burkina Faso,3,2007,CL
Burkina Faso,PF,2007,Status
Burkina Faso,5,2008,PR
Burkina Faso,3,2008,CL
Burkina Faso,PF,2008,Status
Burkina Faso,5,2009,PR
Burkina Faso,3,2009,CL
Burkina Faso,PF,2009,Status
Burkina Faso,5,2010,PR
Burkina Faso,3,2010,CL
Burkina Faso,PF,2010,Status
Burkina Faso,5,2011,PR
Burkina Faso,3,2011,CL
Burkina Faso,PF,2011,Status
Burkina Faso,5,2012,PR
Burkina Faso,3,2012,CL
Burkina Faso,PF,2012,Status
Burkina Faso,5,2013,PR
Burkina Faso,3,2013,CL
Burkina Faso,PF,2013,Status
Burkina Faso,6,2014,PR
Burkina Faso,3,2014,CL
Burkina Faso,PF,2014,Status
Burundi,6,2000,PR
Burundi,6,2000,CL
Burundi,NF,2000,Status
Burundi,6,2001,PR
Burundi,6,2001,CL
Burundi,NF,2001,Status
Burundi,6,2002,PR
Burundi,5,2002,CL
Burundi,NF,2002,Status
Burundi,5,2003,PR
Burundi,5,2003,CL
Burundi,PF,2003,Status
Burundi,5,2004,PR
Burundi,5,2004,CL
Burundi,PF,2004,Status
Burundi,3,2005,PR
Burundi,5,2005,CL
Burundi,PF,2005,Status
Burundi,4,2006,PR
Burundi,5,2006,CL
Burundi,PF,2006,Status
Burundi,4,2007,PR
Burundi,5,2007,CL
Burundi,PF,2007,Status
Burundi,4,2008,PR
Burundi,5,2008,CL
Burundi,PF,2008,Status
Burundi,4,2009,PR
Burundi,5,2009,CL
Burundi,PF,2009,Status
Burundi,5,2010,PR
Burundi,5,2010,CL
Burundi,PF,2010,Status
Burundi,5,2011,PR
Burundi,5,2011,CL
Burundi,PF,2011,Status
Burundi,5,2012,PR
Burundi,5,2012,CL
Burundi,PF,2012,Status
Burundi,5,2013,PR
Burundi,5,2013,CL
Burundi,PF,2013,Status
Burundi,6,2014,PR
Burundi,5,2014,CL
Burundi,NF,2014,Status
Cameroon,7,2000,PR
Cameroon,6,2000,CL
Cameroon,NF,2000,Status
Cameroon,6,2001,PR
Cameroon,6,2001,CL
Cameroon,NF,2001,Status
Cameroon,6,2002,PR
Cameroon,6,2002,CL
Cameroon,NF,2002,Status
Cameroon,6,2003,PR
Cameroon,6,2003,CL
Cameroon,NF,2003,Status
Cameroon,6,2004,PR
Cameroon,6,2004,CL
Cameroon,NF,2004,Status
Cameroon,6,2005,PR
Cameroon,6,2005,CL
Cameroon,NF,2005,Status
Cameroon,6,2006,PR
Cameroon,6,2006,CL
Cameroon,NF,2006,Status
Cameroon,6,2007,PR
Cameroon,6,2007,CL
Cameroon,NF,2007,Status
Cameroon,6,2008,PR
Cameroon,6,2008,CL
Cameroon,NF,2008,Status
Cameroon,6,2009,PR
Cameroon,6,2009,CL
Cameroon,NF,2009,Status
Cameroon,6,2010,PR
Cameroon,6,2010,CL
Cameroon,NF,2010,Status
Cameroon,6,2011,PR
Cameroon,6,2011,CL
Cameroon,NF,2011,Status
Cameroon,6,2012,PR
Cameroon,6,2012,CL
Cameroon,NF,2012,Status
Cameroon,6,2013,PR
Cameroon,6,2013,CL
Cameroon,NF,2013,Status
Cameroon,6,2014,PR
Cameroon,6,2014,CL
Cameroon,NF,2014,Status
Cape Verde,1,2000,PR
Cape Verde,2,2000,CL
Cape Verde,F,2000,Status
Cape Verde,1,2001,PR
Cape Verde,2,2001,CL
Cape Verde,F,2001,Status
Cape Verde,1,2002,PR
Cape Verde,2,2002,CL
Cape Verde,F,2002,Status
Cape Verde,1,2003,PR
Cape Verde,1,2003,CL
Cape Verde,F,2003,Status
Cape Verde,1,2004,PR
Cape Verde,1,2004,CL
Cape Verde,F,2004,Status
Cape Verde,1,2005,PR
Cape Verde,1,2005,CL
Cape Verde,F,2005,Status
Cape Verde,1,2006,PR
Cape Verde,1,2006,CL
Cape Verde,F,2006,Status
Cape Verde,1,2007,PR
Cape Verde,1,2007,CL
Cape Verde,F,2007,Status
Cape Verde,1,2008,PR
Cape Verde,1,2008,CL
Cape Verde,F,2008,Status
Cape Verde,1,2009,PR
Cape Verde,1,2009,CL
Cape Verde,F,2009,Status
Cape Verde,1,2010,PR
Cape Verde,1,2010,CL
Cape Verde,F,2010,Status
Cape Verde,1,2011,PR
Cape Verde,1,2011,CL
Cape Verde,F,2011,Status
Cape Verde,1,2012,PR
Cape Verde,1,2012,CL
Cape Verde,F,2012,Status
Cape Verde,1,2013,PR
Cape Verde,1,2013,CL
Cape Verde,F,2013,Status
Cape Verde,1,2014,PR
Cape Verde,1,2014,CL
Cape Verde,F,2014,Status
Central African Republic,3,2000,PR
Central African Republic,4,2000,CL
Central African Republic,PF,2000,Status
Central African Republic,5,2001,PR
Central African Republic,5,2001,CL
Central African Republic,PF,2001,Status
Central African Republic,5,2002,PR
Central African Republic,5,2002,CL
Central African Republic,PF,2002,Status
Central African Republic,7,2003,PR
Central African Republic,5,2003,CL
Central African Republic,NF,2003,Status
Central African Republic,6,2004,PR
Central African Republic,5,2004,CL
Central African Republic,NF,2004,Status
Central African Republic,5,2005,PR
Central African Republic,4,2005,CL
Central African Republic,PF,2005,Status
Central African Republic,5,2006,PR
Central African Republic,4,2006,CL
Central African Republic,PF,2006,Status
Central African Republic,5,2007,PR
Central African Republic,5,2007,CL
Central African Republic,PF,2007,Status
Central African Republic,5,2008,PR
Central African Republic,5,2008,CL
Central African Republic,PF,2008,Status
Central African Republic,5,2009,PR
Central African Republic,5,2009,CL
Central African Republic,PF,2009,Status
Central African Republic,5,2010,PR
Central African Republic,5,2010,CL
Central African Republic,PF,2010,Status
Central African Republic,5,2011,PR
Central African Republic,5,2011,CL
Central African Republic,PF,2011,Status
Central African Republic,5,2012,PR
Central African Republic,5,2012,CL
Central African Republic,PF,2012,Status
Central African Republic,7,2013,PR
Central African Republic,7,2013,CL
Central African Republic,NF,2013,Status
Central African Republic,7,2014,PR
Central African Republic,7,2014,CL
Central African Republic,NF,2014,Status
Chad,6,2000,PR
Chad,5,2000,CL
Chad,NF,2000,Status
Chad,6,2001,PR
Chad,5,2001,CL
Chad,NF,2001,Status
Chad,6,2002,PR
Chad,5,2002,CL
Chad,NF,2002,Status
Chad,6,2003,PR
Chad,5,2003,CL
Chad,NF,2003,Status
Chad,6,2004,PR
Chad,5,2004,CL
Chad,NF,2004,Status
Chad,6,2005,PR
Chad,5,2005,CL
Chad,NF,2005,Status
Chad,6,2006,PR
Chad,6,2006,CL
Chad,NF,2006,Status
Chad,7,2007,PR
Chad,6,2007,CL
Chad,NF,2007,Status
Chad,7,2008,PR
Chad,6,2008,CL
Chad,NF,2008,Status
Chad,7,2009,PR
Chad,6,2009,CL
Chad,NF,2009,Status
Chad,7,2010,PR
Chad,6,2010,CL
Chad,NF,2010,Status
Chad,7,2011,PR
Chad,6,2011,CL
Chad,NF,2011,Status
Chad,7,2012,PR
Chad,6,2012,CL
Chad,NF,2012,Status
Chad,7,2013,PR
Chad,6,2013,CL
Chad,NF,2013,Status
Chad,7,2014,PR
Chad,6,2014,CL
Chad,NF,2014,Status
Comoros,6,2000,PR
Comoros,4,2000,CL
Comoros,PF,2000,Status
Comoros,6,2001,PR
Comoros,4,2001,CL
Comoros,PF,2001,Status
Comoros,5,2002,PR
Comoros,4,2002,CL
Comoros,PF,2002,Status
Comoros,5,2003,PR
Comoros,4,2003,CL
Comoros,PF,2003,Status
Comoros,4,2004,PR
Comoros,4,2004,CL
Comoros,PF,2004,Status
Comoros,4,2005,PR
Comoros,4,2005,CL
Comoros,PF,2005,Status
Comoros,3,2006,PR
Comoros,4,2006,CL
Comoros,PF,2006,Status
Comoros,4,2007,PR
Comoros,4,2007,CL
Comoros,PF,2007,Status
Comoros,3,2008,PR
Comoros,4,2008,CL
Comoros,PF,2008,Status
Comoros,3,2009,PR
Comoros,4,2009,CL
Comoros,PF,2009,Status
Comoros,3,2010,PR
Comoros,4,2010,CL
Comoros,PF,2010,Status
Comoros,3,2011,PR
Comoros,4,2011,CL
Comoros,PF,2011,Status
Comoros,3,2012,PR
Comoros,4,2012,CL
Comoros,PF,2012,Status
Comoros,3,2013,PR
Comoros,4,2013,CL
Comoros,PF,2013,Status
Comoros,3,2014,PR
Comoros,4,2014,CL
Comoros,PF,2014,Status
Congo (Brazzaville),6,2000,PR
Congo (Brazzaville),4,2000,CL
Congo (Brazzaville),PF,2000,Status
Congo (Brazzaville),5,2001,PR
Congo (Brazzaville),4,2001,CL
Congo (Brazzaville),PF,2001,Status
Congo (Brazzaville),6,2002,PR
Congo (Brazzaville),4,2002,CL
Congo (Brazzaville),PF,2002,Status
Congo (Brazzaville),5,2003,PR
Congo (Brazzaville),4,2003,CL
Congo (Brazzaville),PF,2003,Status
Congo (Brazzaville),5,2004,PR
Congo (Brazzaville),4,2004,CL
Congo (Brazzaville),PF,2004,Status
Congo (Brazzaville),5,2005,PR
Congo (Brazzaville),5,2005,CL
Congo (Brazzaville),PF,2005,Status
Congo (Brazzaville),6,2006,PR
Congo (Brazzaville),5,2006,CL
Congo (Brazzaville),NF,2006,Status
Congo (Brazzaville),6,2007,PR
Congo (Brazzaville),5,2007,CL
Congo (Brazzaville),NF,2007,Status
Congo (Brazzaville),6,2008,PR
Congo (Brazzaville),5,2008,CL
Congo (Brazzaville),NF,2008,Status
Congo (Brazzaville),6,2009,PR
Congo (Brazzaville),5,2009,CL
Congo (Brazzaville),NF,2009,Status
Congo (Brazzaville),6,2010,PR
Congo (Brazzaville),5,2010,CL
Congo (Brazzaville),NF,2010,Status
Congo (Brazzaville),6,2011,PR
Congo (Brazzaville),5,2011,CL
Congo (Brazzaville),NF,2011,Status
Congo (Brazzaville),6,2012,PR
Congo (Brazzaville),5,2012,CL
Congo (Brazzaville),NF,2012,Status
Congo (Brazzaville),6,2013,PR
Congo (Brazzaville),5,2013,CL
Congo (Brazzaville),NF,2013,Status
Congo (Brazzaville),6,2014,PR
Congo (Brazzaville),5,2014,CL
Congo (Brazzaville),NF,2014,Status
Congo (Kinshasa),7,2000,PR
Congo (Kinshasa),6,2000,CL
Congo (Kinshasa),NF,2000,Status
Congo (Kinshasa),6,2001,PR
Congo (Kinshasa),6,2001,CL
Congo (Kinshasa),NF,2001,Status
Congo (Kinshasa),6,2002,PR
Congo (Kinshasa),6,2002,CL
Congo (Kinshasa),NF,2002,Status
Congo (Kinshasa),6,2003,PR
Congo (Kinshasa),6,2003,CL
Congo (Kinshasa),NF,2003,Status
Congo (Kinshasa),6,2004,PR
Congo (Kinshasa),6,2004,CL
Congo (Kinshasa),NF,2004,Status
Congo (Kinshasa),6,2005,PR
Congo (Kinshasa),6,2005,CL
Congo (Kinshasa),NF,2005,Status
Congo (Kinshasa),5,2006,PR
Congo (Kinshasa),6,2006,CL
Congo (Kinshasa),NF,2006,Status
Congo (Kinshasa),5,2007,PR
Congo (Kinshasa),6,2007,CL
Congo (Kinshasa),NF,2007,Status
Congo (Kinshasa),6,2008,PR
Congo (Kinshasa),6,2008,CL
Congo (Kinshasa),NF,2008,Status
Congo (Kinshasa),6,2009,PR
Congo (Kinshasa),6,2009,CL
Congo (Kinshasa),NF,2009,Status
Congo (Kinshasa),6,2010,PR
Congo (Kinshasa),6,2010,CL
Congo (Kinshasa),NF,2010,Status
Congo (Kinshasa),6,2011,PR
Congo (Kinshasa),6,2011,CL
Congo (Kinshasa),NF,2011,Status
Congo (Kinshasa),6,2012,PR
Congo (Kinshasa),6,2012,CL
Congo (Kinshasa),NF,2012,Status
Congo (Kinshasa),6,2013,PR
Congo (Kinshasa),6,2013,CL
Congo (Kinshasa),NF,2013,Status
Congo (Kinshasa),6,2014,PR
Congo (Kinshasa),6,2014,CL
Congo (Kinshasa),NF,2014,Status
Cote d'Ivoire,6,2000,PR
Cote d'Ivoire,5,2000,CL
Cote d'Ivoire,PF,2000,Status
Cote d'Ivoire,5,2001,PR
Cote d'Ivoire,4,2001,CL
Cote d'Ivoire,PF,2001,Status
Cote d'Ivoire,6,2002,PR
Cote d'Ivoire,6,2002,CL
Cote d'Ivoire,NF,2002,Status
Cote d'Ivoire,6,2003,PR
Cote d'Ivoire,5,2003,CL
Cote d'Ivoire,NF,2003,Status
Cote d'Ivoire,6,2004,PR
Cote d'Ivoire,6,2004,CL
Cote d'Ivoire,NF,2004,Status
Cote d'Ivoire,6,2005,PR
Cote d'Ivoire,6,2005,CL
Cote d'Ivoire,NF,2005,Status
Cote d'Ivoire,7,2006,PR
Cote d'Ivoire,6,2006,CL
Cote d'Ivoire,NF,2006,Status
Cote d'Ivoire,7,2007,PR
Cote d'Ivoire,5,2007,CL
Cote d'Ivoire,NF,2007,Status
Cote d'Ivoire,6,2008,PR
Cote d'Ivoire,5,2008,CL
Cote d'Ivoire,NF,2008,Status
Cote d'Ivoire,6,2009,PR
Cote d'Ivoire,5,2009,CL
Cote d'Ivoire,NF,2009,Status
Cote d'Ivoire,7,2010,PR
Cote d'Ivoire,6,2010,CL
Cote d'Ivoire,NF,2010,Status
Cote d'Ivoire,6,2011,PR
Cote d'Ivoire,6,2011,CL
Cote d'Ivoire,NF,2011,Status
Cote d'Ivoire,5,2012,PR
Cote d'Ivoire,5,2012,CL
Cote d'Ivoire,PF,2012,Status
Cote d'Ivoire,5,2013,PR
Cote d'Ivoire,4,2013,CL
Cote d'Ivoire,PF,2013,Status
Cote d'Ivoire,5,2014,PR
Cote d'Ivoire,4,2014,CL
Cote d'Ivoire,PF,2014,Status
Djibouti,4,2000,PR
Djibouti,5,2000,CL
Djibouti,PF,2000,Status
Djibouti,4,2001,PR
Djibouti,5,2001,CL
Djibouti,PF,2001,Status
Djibouti,4,2002,PR
Djibouti,5,2002,CL
Djibouti,PF,2002,Status
Djibouti,5,2003,PR
Djibouti,5,2003,CL
Djibouti,PF,2003,Status
Djibouti,5,2004,PR
Djibouti,5,2004,CL
Djibouti,PF,2004,Status
Djibouti,5,2005,PR
Djibouti,5,2005,CL
Djibouti,PF,2005,Status
Djibouti,5,2006,PR
Djibouti,5,2006,CL
Djibouti,PF,2006,Status
Djibouti,5,2007,PR
Djibouti,5,2007,CL
Djibouti,PF,2007,Status
Djibouti,5,2008,PR
Djibouti,5,2008,CL
Djibouti,PF,2008,Status
Djibouti,5,2009,PR
Djibouti,5,2009,CL
Djibouti,PF,2009,Status
Djibouti,6,2010,PR
Djibouti,5,2010,CL
Djibouti,NF,2010,Status
Djibouti,6,2011,PR
Djibouti,5,2011,CL
Djibouti,NF,2011,Status
Djibouti,6,2012,PR
Djibouti,5,2012,CL
Djibouti,NF,2012,Status
Djibouti,6,2013,PR
Djibouti,5,2013,CL
Djibouti,NF,2013,Status
Djibouti,6,2014,PR
Djibouti,5,2014,CL
Djibouti,NF,2014,Status
Egypt,6,2000,PR
Egypt,5,2000,CL
Egypt,NF,2000,Status
Egypt,6,2001,PR
Egypt,6,2001,CL
Egypt,NF,2001,Status
Egypt,6,2002,PR
Egypt,6,2002,CL
Egypt,NF,2002,Status
Egypt,6,2003,PR
Egypt,6,2003,CL
Egypt,NF,2003,Status
Egypt,6,2004,PR
Egypt,5,2004,CL
Egypt,NF,2004,Status
Egypt,6,2005,PR
Egypt,5,2005,CL
Egypt,NF,2005,Status
Egypt,6,2006,PR
Egypt,5,2006,CL
Egypt,NF,2006,Status
Egypt,6,2007,PR
Egypt,5,2007,CL
Egypt,NF,2007,Status
Egypt,6,2008,PR
Egypt,5,2008,CL
Egypt,NF,2008,Status
Egypt,6,2009,PR
Egypt,5,2009,CL
Egypt,NF,2009,Status
Egypt,6,2010,PR
Egypt,5,2010,CL
Egypt,NF,2010,Status
Egypt,6,2011,PR
Egypt,5,2011,CL
Egypt,NF,2011,Status
Egypt,5,2012,PR
Egypt,5,2012,CL
Egypt,PF,2012,Status
Egypt,6,2013,PR
Egypt,5,2013,CL
Egypt,NF,2013,Status
Egypt,6,2014,PR
Egypt,5,2014,CL
Egypt,NF,2014,Status
Equatorial Guinea,7,2000,PR
Equatorial Guinea,7,2000,CL
Equatorial Guinea,NF,2000,Status
Equatorial Guinea,6,2001,PR
Equatorial Guinea,6,2001,CL
Equatorial Guinea,NF,2001,Status
Equatorial Guinea,7,2002,PR
Equatorial Guinea,6,2002,CL
Equatorial Guinea,NF,2002,Status
Equatorial Guinea,7,2003,PR
Equatorial Guinea,6,2003,CL
Equatorial Guinea,NF,2003,Status
Equatorial Guinea,7,2004,PR
Equatorial Guinea,6,2004,CL
Equatorial Guinea,NF,2004,Status
Equatorial Guinea,7,2005,PR
Equatorial Guinea,6,2005,CL
Equatorial Guinea,NF,2005,Status
Equatorial Guinea,7,2006,PR
Equatorial Guinea,6,2006,CL
Equatorial Guinea,NF,2006,Status
Equatorial Guinea,7,2007,PR
Equatorial Guinea,6,2007,CL
Equatorial Guinea,NF,2007,Status
Equatorial Guinea,7,2008,PR
Equatorial Guinea,7,2008,CL
Equatorial Guinea,NF,2008,Status
Equatorial Guinea,7,2009,PR
Equatorial Guinea,7,2009,CL
Equatorial Guinea,NF,2009,Status
Equatorial Guinea,7,2010,PR
Equatorial Guinea,7,2010,CL
Equatorial Guinea,NF,2010,Status
Equatorial Guinea,7,2011,PR
Equatorial Guinea,7,2011,CL
Equatorial Guinea,NF,2011,Status
Equatorial Guinea,7,2012,PR
Equatorial Guinea,7,2012,CL
Equatorial Guinea,NF,2012,Status
Equatorial Guinea,7,2013,PR
Equatorial Guinea,7,2013,CL
Equatorial Guinea,NF,2013,Status
Equatorial Guinea,7,2014,PR
Equatorial Guinea,7,2014,CL
Equatorial Guinea,NF,2014,Status
Eritrea,7,2000,PR
Eritrea,5,2000,CL
Eritrea,NF,2000,Status
Eritrea,7,2001,PR
Eritrea,6,2001,CL
Eritrea,NF,2001,Status
Eritrea,7,2002,PR
Eritrea,6,2002,CL
Eritrea,NF,2002,Status
Eritrea,7,2003,PR
Eritrea,6,2003,CL
Eritrea,NF,2003,Status
Eritrea,7,2004,PR
Eritrea,6,2004,CL
Eritrea,NF,2004,Status
Eritrea,7,2005,PR
Eritrea,6,2005,CL
Eritrea,NF,2005,Status
Eritrea,7,2006,PR
Eritrea,6,2006,CL
Eritrea,NF,2006,Status
Eritrea,7,2007,PR
Eritrea,6,2007,CL
Eritrea,NF,2007,Status
Eritrea,7,2008,PR
Eritrea,6,2008,CL
Eritrea,NF,2008,Status
Eritrea,7,2009,PR
Eritrea,7,2009,CL
Eritrea,NF,2009,Status
Eritrea,7,2010,PR
Eritrea,7,2010,CL
Eritrea,NF,2010,Status
Eritrea,7,2011,PR
Eritrea,7,2011,CL
Eritrea,NF,2011,Status
Eritrea,7,2012,PR
Eritrea,7,2012,CL
Eritrea,NF,2012,Status
Eritrea,7,2013,PR
Eritrea,7,2013,CL
Eritrea,NF,2013,Status
Eritrea,7,2014,PR
Eritrea,7,2014,CL
Eritrea,NF,2014,Status
Ethiopia,5,2000,PR
Ethiopia,5,2000,CL
Ethiopia,PF,2000,Status
Ethiopia,5,2001,PR
Ethiopia,5,2001,CL
Ethiopia,PF,2001,Status
Ethiopia,5,2002,PR
Ethiopia,5,2002,CL
Ethiopia,PF,2002,Status
Ethiopia,5,2003,PR
Ethiopia,5,2003,CL
Ethiopia,PF,2003,Status
Ethiopia,5,2004,PR
Ethiopia,5,2004,CL
Ethiopia,PF,2004,Status
Ethiopia,5,2005,PR
Ethiopia,5,2005,CL
Ethiopia,PF,2005,Status
Ethiopia,5,2006,PR
Ethiopia,5,2006,CL
Ethiopia,PF,2006,Status
Ethiopia,5,2007,PR
Ethiopia,5,2007,CL
Ethiopia,PF,2007,Status
Ethiopia,5,2008,PR
Ethiopia,5,2008,CL
Ethiopia,PF,2008,Status
Ethiopia,5,2009,PR
Ethiopia,5,2009,CL
Ethiopia,PF,2009,Status
Ethiopia,6,2010,PR
Ethiopia,6,2010,CL
Ethiopia,NF,2010,Status
Ethiopia,6,2011,PR
Ethiopia,6,2011,CL
Ethiopia,NF,2011,Status
Ethiopia,6,2012,PR
Ethiopia,6,2012,CL
Ethiopia,NF,2012,Status
Ethiopia,6,2013,PR
Ethiopia,6,2013,CL
Ethiopia,NF,2013,Status
Ethiopia,6,2014,PR
Ethiopia,6,2014,CL
Ethiopia,NF,2014,Status
Gabon,5,2000,PR
Gabon,4,2000,CL
Gabon,PF,2000,Status
Gabon,5,2001,PR
Gabon,4,2001,CL
Gabon,PF,2001,Status
Gabon,5,2002,PR
Gabon,4,2002,CL
Gabon,PF,2002,Status
Gabon,5,2003,PR
Gabon,4,2003,CL
Gabon,PF,2003,Status
Gabon,5,2004,PR
Gabon,4,2004,CL
Gabon,PF,2004,Status
Gabon,6,2005,PR
Gabon,4,2005,CL
Gabon,PF,2005,Status
Gabon,6,2006,PR
Gabon,4,2006,CL
Gabon,PF,2006,Status
Gabon,6,2007,PR
Gabon,4,2007,CL
Gabon,PF,2007,Status
Gabon,6,2008,PR
Gabon,4,2008,CL
Gabon,PF,2008,Status
Gabon,6,2009,PR
Gabon,5,2009,CL
Gabon,NF,2009,Status
Gabon,6,2010,PR
Gabon,5,2010,CL
Gabon,NF,2010,Status
Gabon,6,2011,PR
Gabon,5,2011,CL
Gabon,NF,2011,Status
Gabon,6,2012,PR
Gabon,5,2012,CL
Gabon,NF,2012,Status
Gabon,6,2013,PR
Gabon,5,2013,CL
Gabon,NF,2013,Status
Gabon,6,2014,PR
Gabon,5,2014,CL
Gabon,NF,2014,Status
Ghana,2,2000,PR
Ghana,3,2000,CL
Ghana,F,2000,Status
Ghana,2,2001,PR
Ghana,3,2001,CL
Ghana,F,2001,Status
Ghana,2,2002,PR
Ghana,3,2002,CL
Ghana,F,2002,Status
Ghana,2,2003,PR
Ghana,2,2003,CL
Ghana,F,2003,Status
Ghana,2,2004,PR
Ghana,2,2004,CL
Ghana,F,2004,Status
Ghana,1,2005,PR
Ghana,2,2005,CL
Ghana,F,2005,Status
Ghana,1,2006,PR
Ghana,2,2006,CL
Ghana,F,2006,Status
Ghana,1,2007,PR
Ghana,2,2007,CL
Ghana,F,2007,Status
Ghana,1,2008,PR
Ghana,2,2008,CL
Ghana,F,2008,Status
Ghana,1,2009,PR
Ghana,2,2009,CL
Ghana,F,2009,Status
Ghana,1,2010,PR
Ghana,2,2010,CL
Ghana,F,2010,Status
Ghana,1,2011,PR
Ghana,2,2011,CL
Ghana,F,2011,Status
Ghana,1,2012,PR
Ghana,2,2012,CL
Ghana,F,2012,Status
Ghana,1,2013,PR
Ghana,2,2013,CL
Ghana,F,2013,Status
Ghana,1,2014,PR
Ghana,2,2014,CL
Ghana,F,2014,Status
Guinea,6,2000,PR
Guinea,5,2000,CL
Guinea,NF,2000,Status
Guinea,6,2001,PR
Guinea,5,2001,CL
Guinea,NF,2001,Status
Guinea,6,2002,PR
Guinea,5,2002,CL
Guinea,NF,2002,Status
Guinea,6,2003,PR
Guinea,5,2003,CL
Guinea,NF,2003,Status
Guinea,6,2004,PR
Guinea,5,2004,CL
Guinea,NF,2004,Status
Guinea,6,2005,PR
Guinea,5,2005,CL
Guinea,NF,2005,Status
Guinea,6,2006,PR
Guinea,5,2006,CL
Guinea,NF,2006,Status
Guinea,6,2007,PR
Guinea,5,2007,CL
Guinea,NF,2007,Status
Guinea,7,2008,PR
Guinea,5,2008,CL
Guinea,NF,2008,Status
Guinea,7,2009,PR
Guinea,6,2009,CL
Guinea,NF,2009,Status
Guinea,5,2010,PR
Guinea,5,2010,CL
Guinea,PF,2010,Status
Guinea,5,2011,PR
Guinea,5,2011,CL
Guinea,PF,2011,Status
Guinea,5,2012,PR
Guinea,5,2012,CL
Guinea,PF,2012,Status
Guinea,5,2013,PR
Guinea,5,2013,CL
Guinea,PF,2013,Status
Guinea,5,2014,PR
Guinea,5,2014,CL
Guinea,PF,2014,Status
Guinea-Bissau,4,2000,PR
Guinea-Bissau,5,2000,CL
Guinea-Bissau,PF,2000,Status
Guinea-Bissau,4,2001,PR
Guinea-Bissau,5,2001,CL
Guinea-Bissau,PF,2001,Status
Guinea-Bissau,4,2002,PR
Guinea-Bissau,5,2002,CL
Guinea-Bissau,PF,2002,Status
Guinea-Bissau,6,2003,PR
Guinea-Bissau,4,2003,CL
Guinea-Bissau,PF,2003,Status
Guinea-Bissau,4,2004,PR
Guinea-Bissau,4,2004,CL
Guinea-Bissau,PF,2004,Status
Guinea-Bissau,3,2005,PR
Guinea-Bissau,4,2005,CL
Guinea-Bissau,PF,2005,Status
Guinea-Bissau,4,2006,PR
Guinea-Bissau,4,2006,CL
Guinea-Bissau,PF,2006,Status
Guinea-Bissau,4,2007,PR
Guinea-Bissau,4,2007,CL
Guinea-Bissau,PF,2007,Status
Guinea-Bissau,4,2008,PR
Guinea-Bissau,4,2008,CL
Guinea-Bissau,PF,2008,Status
Guinea-Bissau,4,2009,PR
Guinea-Bissau,4,2009,CL
Guinea-Bissau,PF,2009,Status
Guinea-Bissau,4,2010,PR
Guinea-Bissau,4,2010,CL
Guinea-Bissau,PF,2010,Status
Guinea-Bissau,4,2011,PR
Guinea-Bissau,4,2011,CL
Guinea-Bissau,PF,2011,Status
Guinea-Bissau,6,2012,PR
Guinea-Bissau,5,2012,CL
Guinea-Bissau,NF,2012,Status
Guinea-Bissau,6,2013,PR
Guinea-Bissau,5,2013,CL
Guinea-Bissau,NF,2013,Status
Guinea-Bissau,5,2014,PR
Guinea-Bissau,5,2014,CL
Guinea-Bissau,PF,2014,Status
Iran,6,2000,PR
Iran,6,2000,CL
Iran,NF,2000,Status
Iran,6,2001,PR
Iran,6,2001,CL
Iran,NF,2001,Status
Iran,6,2002,PR
Iran,6,2002,CL
Iran,NF,2002,Status
Iran,6,2003,PR
Iran,6,2003,CL
Iran,NF,2003,Status
Iran,6,2004,PR
Iran,6,2004,CL
Iran,NF,2004,Status
Iran,6,2005,PR
Iran,6,2005,CL
Iran,NF,2005,Status
Iran,6,2006,PR
Iran,6,2006,CL
Iran,NF,2006,Status
Iran,6,2007,PR
Iran,6,2007,CL
Iran,NF,2007,Status
Iran,6,2008,PR
Iran,6,2008,CL
Iran,NF,2008,Status
Iran,6,2009,PR
Iran,6,2009,CL
Iran,NF,2009,Status
Iran,6,2010,PR
Iran,6,2010,CL
Iran,NF,2010,Status
Iran,6,2011,PR
Iran,6,2011,CL
Iran,NF,2011,Status
Iran,6,2012,PR
Iran,6,2012,CL
Iran,NF,2012,Status
Iran,6,2013,PR
Iran,6,2013,CL
Iran,NF,2013,Status
Iran,6,2014,PR
Iran,6,2014,CL
Iran,NF,2014,Status
Iraq,7,2000,PR
Iraq,7,2000,CL
Iraq,NF,2000,Status
Iraq,7,2001,PR
Iraq,7,2001,CL
Iraq,NF,2001,Status
Iraq,7,2002,PR
Iraq,7,2002,CL
Iraq,NF,2002,Status
Iraq,7,2003,PR
Iraq,5,2003,CL
Iraq,NF,2003,Status
Iraq,7,2004,PR
Iraq,5,2004,CL
Iraq,NF,2004,Status
Iraq,6,2005,PR
Iraq,5,2005,CL
Iraq,NF,2005,Status
Iraq,6,2006,PR
Iraq,6,2006,CL
Iraq,NF,2006,Status
Iraq,6,2007,PR
Iraq,6,2007,CL
Iraq,NF,2007,Status
Iraq,6,2008,PR
Iraq,6,2008,CL
Iraq,NF,2008,Status
Iraq,5,2009,PR
Iraq,6,2009,CL
Iraq,NF,2009,Status
Iraq,5,2010,PR
Iraq,6,2010,CL
Iraq,NF,2010,Status
Iraq,5,2011,PR
Iraq,6,2011,CL
Iraq,NF,2011,Status
Iraq,6,2012,PR
Iraq,6,2012,CL
Iraq,NF,2012,Status
Iraq,5,2013,PR
Iraq,6,2013,CL
Iraq,NF,2013,Status
Iraq,6,2014,PR
Iraq,6,2014,CL
Iraq,NF,2014,Status
Israel,1,2000,PR
Israel,3,2000,CL
Israel,F,2000,Status
Israel,1,2001,PR
Israel,3,2001,CL
Israel,F,2001,Status
Israel,1,2002,PR
Israel,3,2002,CL
Israel,F,2002,Status
Israel,1,2003,PR
Israel,3,2003,CL
Israel,F,2003,Status
Israel,1,2004,PR
Israel,3,2004,CL
Israel,F,2004,Status
Israel,1,2005,PR
Israel,2,2005,CL
Israel,F,2005,Status
Israel,1,2006,PR
Israel,2,2006,CL
Israel,F,2006,Status
Israel,1,2007,PR
Israel,2,2007,CL
Israel,F,2007,Status
Israel,1,2008,PR
Israel,2,2008,CL
Israel,F,2008,Status
Israel,1,2009,PR
Israel,2,2009,CL
Israel,F,2009,Status
Israel,1,2010,PR
Israel,2,2010,CL
Israel,F,2010,Status
Israel,1,2011,PR
Israel,2,2011,CL
Israel,F,2011,Status
Israel,1,2012,PR
Israel,2,2012,CL
Israel,F,2012,Status
Israel,1,2013,PR
Israel,2,2013,CL
Israel,F,2013,Status
Israel,1,2014,PR
Israel,2,2014,CL
Israel,F,2014,Status
Jordan,4,2000,PR
Jordan,4,2000,CL
Jordan,PF,2000,Status
Jordan,5,2001,PR
Jordan,5,2001,CL
Jordan,PF,2001,Status
Jordan,6,2002,PR
Jordan,5,2002,CL
Jordan,PF,2002,Status
Jordan,5,2003,PR
Jordan,5,2003,CL
Jordan,PF,2003,Status
Jordan,5,2004,PR
Jordan,4,2004,CL
Jordan,PF,2004,Status
Jordan,5,2005,PR
Jordan,4,2005,CL
Jordan,PF,2005,Status
Jordan,5,2006,PR
Jordan,4,2006,CL
Jordan,PF,2006,Status
Jordan,5,2007,PR
Jordan,4,2007,CL
Jordan,PF,2007,Status
Jordan,5,2008,PR
Jordan,5,2008,CL
Jordan,PF,2008,Status
Jordan,6,2009,PR
Jordan,5,2009,CL
Jordan,NF,2009,Status
Jordan,6,2010,PR
Jordan,5,2010,CL
Jordan,NF,2010,Status
Jordan,6,2011,PR
Jordan,5,2011,CL
Jordan,NF,2011,Status
Jordan,6,2012,PR
Jordan,5,2012,CL
Jordan,NF,2012,Status
Jordan,6,2013,PR
Jordan,5,2013,CL
Jordan,NF,2013,Status
Jordan,6,2014,PR
Jordan,5,2014,CL
Jordan,NF,2014,Status
Kenya,6,2000,PR
Kenya,5,2000,CL
Kenya,NF,2000,Status
Kenya,6,2001,PR
Kenya,5,2001,CL
Kenya,NF,2001,Status
Kenya,4,2002,PR
Kenya,4,2002,CL
Kenya,PF,2002,Status
Kenya,3,2003,PR
Kenya,3,2003,CL
Kenya,PF,2003,Status
Kenya,3,2004,PR
Kenya,3,2004,CL
Kenya,PF,2004,Status
Kenya,3,2005,PR
Kenya,3,2005,CL
Kenya,PF,2005,Status
Kenya,3,2006,PR
Kenya,3,2006,CL
Kenya,PF,2006,Status
Kenya,4,2007,PR
Kenya,3,2007,CL
Kenya,PF,2007,Status
Kenya,4,2008,PR
Kenya,3,2008,CL
Kenya,PF,2008,Status
Kenya,4,2009,PR
Kenya,4,2009,CL
Kenya,PF,2009,Status
Kenya,4,2010,PR
Kenya,3,2010,CL
Kenya,PF,2010,Status
Kenya,4,2011,PR
Kenya,3,2011,CL
Kenya,PF,2011,Status
Kenya,4,2012,PR
Kenya,4,2012,CL
Kenya,PF,2012,Status
Kenya,4,2013,PR
Kenya,4,2013,CL
Kenya,PF,2013,Status
Kenya,4,2014,PR
Kenya,4,2014,CL
Kenya,PF,2014,Status
Kuwait,4,2000,PR
Kuwait,5,2000,CL
Kuwait,PF,2000,Status
Kuwait,4,2001,PR
Kuwait,5,2001,CL
Kuwait,PF,2001,Status
Kuwait,4,2002,PR
Kuwait,5,2002,CL
Kuwait,PF,2002,Status
Kuwait,4,2003,PR
Kuwait,5,2003,CL
Kuwait,PF,2003,Status
Kuwait,4,2004,PR
Kuwait,5,2004,CL
Kuwait,PF,2004,Status
Kuwait,4,2005,PR
Kuwait,5,2005,CL
Kuwait,PF,2005,Status
Kuwait,4,2006,PR
Kuwait,4,2006,CL
Kuwait,PF,2006,Status
Kuwait,4,2007,PR
Kuwait,4,2007,CL
Kuwait,PF,2007,Status
Kuwait,4,2008,PR
Kuwait,4,2008,CL
Kuwait,PF,2008,Status
Kuwait,4,2009,PR
Kuwait,4,2009,CL
Kuwait,PF,2009,Status
Kuwait,4,2010,PR
Kuwait,5,2010,CL
Kuwait,PF,2010,Status
Kuwait,4,2011,PR
Kuwait,5,2011,CL
Kuwait,PF,2011,Status
Kuwait,5,2012,PR
Kuwait,5,2012,CL
Kuwait,PF,2012,Status
Kuwait,5,2013,PR
Kuwait,5,2013,CL
Kuwait,PF,2013,Status
Kuwait,5,2014,PR
Kuwait,5,2014,CL
Kuwait,PF,2014,Status
Lebanon,6,2000,PR
Lebanon,5,2000,CL
Lebanon,NF,2000,Status
Lebanon,6,2001,PR
Lebanon,5,2001,CL
Lebanon,NF,2001,Status
Lebanon,6,2002,PR
Lebanon,5,2002,CL
Lebanon,NF,2002,Status
Lebanon,6,2003,PR
Lebanon,5,2003,CL
Lebanon,NF,2003,Status
Lebanon,6,2004,PR
Lebanon,5,2004,CL
Lebanon,NF,2004,Status
Lebanon,5,2005,PR
Lebanon,4,2005,CL
Lebanon,PF,2005,Status
Lebanon,5,2006,PR
Lebanon,4,2006,CL
Lebanon,PF,2006,Status
Lebanon,5,2007,PR
Lebanon,4,2007,CL
Lebanon,PF,2007,Status
Lebanon,5,2008,PR
Lebanon,4,2008,CL
Lebanon,PF,2008,Status
Lebanon,5,2009,PR
Lebanon,3,2009,CL
Lebanon,PF,2009,Status
Lebanon,5,2010,PR
Lebanon,3,2010,CL
Lebanon,PF,2010,Status
Lebanon,5,2011,PR
Lebanon,4,2011,CL
Lebanon,PF,2011,Status
Lebanon,5,2012,PR
Lebanon,4,2012,CL
Lebanon,PF,2012,Status
Lebanon,5,2013,PR
Lebanon,4,2013,CL
Lebanon,PF,2013,Status
Lebanon,5,2014,PR
Lebanon,4,2014,CL
Lebanon,PF,2014,Status
Lesotho,4,2000,PR
Lesotho,4,2000,CL
Lesotho,PF,2000,Status
Lesotho,4,2001,PR
Lesotho,4,2001,CL
Lesotho,PF,2001,Status
Lesotho,2,2002,PR
Lesotho,3,2002,CL
Lesotho,F,2002,Status
Lesotho,2,2003,PR
Lesotho,3,2003,CL
Lesotho,F,2003,Status
Lesotho,2,2004,PR
Lesotho,3,2004,CL
Lesotho,F,2004,Status
Lesotho,2,2005,PR
Lesotho,3,2005,CL
Lesotho,F,2005,Status
Lesotho,2,2006,PR
Lesotho,3,2006,CL
Lesotho,F,2006,Status
Lesotho,2,2007,PR
Lesotho,3,2007,CL
Lesotho,F,2007,Status
Lesotho,2,2008,PR
Lesotho,3,2008,CL
Lesotho,F,2008,Status
Lesotho,3,2009,PR
Lesotho,3,2009,CL
Lesotho,PF,2009,Status
Lesotho,3,2010,PR
Lesotho,3,2010,CL
Lesotho,PF,2010,Status
Lesotho,3,2011,PR
Lesotho,3,2011,CL
Lesotho,PF,2011,Status
Lesotho,2,2012,PR
Lesotho,3,2012,CL
Lesotho,F,2012,Status
Lesotho,2,2013,PR
Lesotho,3,2013,CL
Lesotho,F,2013,Status
Lesotho,2,2014,PR
Lesotho,3,2014,CL
Lesotho,F,2014,Status
Liberia,5,2000,PR
Liberia,6,2000,CL
Liberia,PF,2000,Status
Liberia,6,2001,PR
Liberia,6,2001,CL
Liberia,NF,2001,Status
Liberia,6,2002,PR
Liberia,6,2002,CL
Liberia,NF,2002,Status
Liberia,6,2003,PR
Liberia,6,2003,CL
Liberia,NF,2003,Status
Liberia,5,2004,PR
Liberia,4,2004,CL
Liberia,PF,2004,Status
Liberia,4,2005,PR
Liberia,4,2005,CL
Liberia,PF,2005,Status
Liberia,3,2006,PR
Liberia,4,2006,CL
Liberia,PF,2006,Status
Liberia,3,2007,PR
Liberia,4,2007,CL
Liberia,PF,2007,Status
Liberia,3,2008,PR
Liberia,4,2008,CL
Liberia,PF,2008,Status
Liberia,3,2009,PR
Liberia,4,2009,CL
Liberia,PF,2009,Status
Liberia,3,2010,PR
Liberia,4,2010,CL
Liberia,PF,2010,Status
Liberia,3,2011,PR
Liberia,4,2011,CL
Liberia,PF,2011,Status
Liberia,3,2012,PR
Liberia,4,2012,CL
Liberia,PF,2012,Status
Liberia,3,2013,PR
Liberia,4,2013,CL
Liberia,PF,2013,Status
Liberia,3,2014,PR
Liberia,4,2014,CL
Liberia,PF,2014,Status
Libya,7,2000,PR
Libya,7,2000,CL
Libya,NF,2000,Status
Libya,7,2001,PR
Libya,7,2001,CL
Libya,NF,2001,Status
Libya,7,2002,PR
Libya,7,2002,CL
Libya,NF,2002,Status
Libya,7,2003,PR
Libya,7,2003,CL
Libya,NF,2003,Status
Libya,7,2004,PR
Libya,7,2004,CL
Libya,NF,2004,Status
Libya,7,2005,PR
Libya,7,2005,CL
Libya,NF,2005,Status
Libya,7,2006,PR
Libya,7,2006,CL
Libya,NF,2006,Status
Libya,7,2007,PR
Libya,7,2007,CL
Libya,NF,2007,Status
Libya,7,2008,PR
Libya,7,2008,CL
Libya,NF,2008,Status
Libya,7,2009,PR
Libya,7,2009,CL
Libya,NF,2009,Status
Libya,7,2010,PR
Libya,7,2010,CL
Libya,NF,2010,Status
Libya,7,2011,PR
Libya,6,2011,CL
Libya,NF,2011,Status
Libya,4,2012,PR
Libya,5,2012,CL
Libya,PF,2012,Status
Libya,4,2013,PR
Libya,5,2013,CL
Libya,PF,2013,Status
Libya,6,2014,PR
Libya,6,2014,CL
Libya,NF,2014,Status
Madagascar,2,2000,PR
Madagascar,4,2000,CL
Madagascar,PF,2000,Status
Madagascar,2,2001,PR
Madagascar,4,2001,CL
Madagascar,PF,2001,Status
Madagascar,3,2002,PR
Madagascar,4,2002,CL
Madagascar,PF,2002,Status
Madagascar,3,2003,PR
Madagascar,3,2003,CL
Madagascar,PF,2003,Status
Madagascar,3,2004,PR
Madagascar,3,2004,CL
Madagascar,PF,2004,Status
Madagascar,3,2005,PR
Madagascar,3,2005,CL
Madagascar,PF,2005,Status
Madagascar,4,2006,PR
Madagascar,3,2006,CL
Madagascar,PF,2006,Status
Madagascar,4,2007,PR
Madagascar,3,2007,CL
Madagascar,PF,2007,Status
Madagascar,4,2008,PR
Madagascar,3,2008,CL
Madagascar,PF,2008,Status
Madagascar,6,2009,PR
Madagascar,4,2009,CL
Madagascar,PF,2009,Status
Madagascar,6,2010,PR
Madagascar,4,2010,CL
Madagascar,PF,2010,Status
Madagascar,6,2011,PR
Madagascar,4,2011,CL
Madagascar,PF,2011,Status
Madagascar,6,2012,PR
Madagascar,4,2012,CL
Madagascar,PF,2012,Status
Madagascar,5,2013,PR
Madagascar,4,2013,CL
Madagascar,PF,2013,Status
Madagascar,4,2014,PR
Madagascar,4,2014,CL
Madagascar,PF,2014,Status
Malawi,3,2000,PR
Malawi,3,2000,CL
Malawi,PF,2000,Status
Malawi,4,2001,PR
Malawi,3,2001,CL
Malawi,PF,2001,Status
Malawi,4,2002,PR
Malawi,4,2002,CL
Malawi,PF,2002,Status
Malawi,3,2003,PR
Malawi,4,2003,CL
Malawi,PF,2003,Status
Malawi,4,2004,PR
Malawi,4,2004,CL
Malawi,PF,2004,Status
Malawi,4,2005,PR
Malawi,4,2005,CL
Malawi,PF,2005,Status
Malawi,4,2006,PR
Malawi,3,2006,CL
Malawi,PF,2006,Status
Malawi,4,2007,PR
Malawi,4,2007,CL
Malawi,PF,2007,Status
Malawi,4,2008,PR
Malawi,4,2008,CL
Malawi,PF,2008,Status
Malawi,3,2009,PR
Malawi,4,2009,CL
Malawi,PF,2009,Status
Malawi,3,2010,PR
Malawi,4,2010,CL
Malawi,PF,2010,Status
Malawi,3,2011,PR
Malawi,4,2011,CL
Malawi,PF,2011,Status
Malawi,3,2012,PR
Malawi,4,2012,CL
Malawi,PF,2012,Status
Malawi,3,2013,PR
Malawi,4,2013,CL
Malawi,PF,2013,Status
Malawi,3,2014,PR
Malawi,4,2014,CL
Malawi,PF,2014,Status
Mali,2,2000,PR
Mali,3,2000,CL
Mali,F,2000,Status
Mali,2,2001,PR
Mali,3,2001,CL
Mali,F,2001,Status
Mali,2,2002,PR
Mali,3,2002,CL
Mali,F,2002,Status
Mali,2,2003,PR
Mali,2,2003,CL
Mali,F,2003,Status
Mali,2,2004,PR
Mali,2,2004,CL
Mali,F,2004,Status
Mali,2,2005,PR
Mali,2,2005,CL
Mali,F,2005,Status
Mali,2,2006,PR
Mali,2,2006,CL
Mali,F,2006,Status
Mali,2,2007,PR
Mali,3,2007,CL
Mali,F,2007,Status
Mali,2,2008,PR
Mali,3,2008,CL
Mali,F,2008,Status
Mali,2,2009,PR
Mali,3,2009,CL
Mali,F,2009,Status
Mali,2,2010,PR
Mali,3,2010,CL
Mali,F,2010,Status
Mali,2,2011,PR
Mali,3,2011,CL
Mali,F,2011,Status
Mali,7,2012,PR
Mali,5,2012,CL
Mali,NF,2012,Status
Mali,5,2013,PR
Mali,4,2013,CL
Mali,PF,2013,Status
Mali,5,2014,PR
Mali,4,2014,CL
Mali,PF,2014,Status
Mauritania,6,2000,PR
Mauritania,5,2000,CL
Mauritania,NF,2000,Status
Mauritania,5,2001,PR
Mauritania,5,2001,CL
Mauritania,PF,2001,Status
Mauritania,5,2002,PR
Mauritania,5,2002,CL
Mauritania,PF,2002,Status
Mauritania,6,2003,PR
Mauritania,5,2003,CL
Mauritania,NF,2003,Status
Mauritania,6,2004,PR
Mauritania,5,2004,CL
Mauritania,NF,2004,Status
Mauritania,6,2005,PR
Mauritania,4,2005,CL
Mauritania,PF,2005,Status
Mauritania,5,2006,PR
Mauritania,4,2006,CL
Mauritania,PF,2006,Status
Mauritania,4,2007,PR
Mauritania,4,2007,CL
Mauritania,PF,2007,Status
Mauritania,6,2008,PR
Mauritania,5,2008,CL
Mauritania,NF,2008,Status
Mauritania,6,2009,PR
Mauritania,5,2009,CL
Mauritania,NF,2009,Status
Mauritania,6,2010,PR
Mauritania,5,2010,CL
Mauritania,NF,2010,Status
Mauritania,6,2011,PR
Mauritania,5,2011,CL
Mauritania,NF,2011,Status
Mauritania,6,2012,PR
Mauritania,5,2012,CL
Mauritania,NF,2012,Status
Mauritania,6,2013,PR
Mauritania,5,2013,CL
Mauritania,NF,2013,Status
Mauritania,6,2014,PR
Mauritania,5,2014,CL
Mauritania,NF,2014,Status
Mauritius,1,2000,PR
Mauritius,2,2000,CL
Mauritius,F,2000,Status
Mauritius,1,2001,PR
Mauritius,2,2001,CL
Mauritius,F,2001,Status
Mauritius,1,2002,PR
Mauritius,2,2002,CL
Mauritius,F,2002,Status
Mauritius,1,2003,PR
Mauritius,2,2003,CL
Mauritius,F,2003,Status
Mauritius,1,2004,PR
Mauritius,1,2004,CL
Mauritius,F,2004,Status
Mauritius,1,2005,PR
Mauritius,1,2005,CL
Mauritius,F,2005,Status
Mauritius,1,2006,PR
Mauritius,2,2006,CL
Mauritius,F,2006,Status
Mauritius,1,2007,PR
Mauritius,2,2007,CL
Mauritius,F,2007,Status
Mauritius,1,2008,PR
Mauritius,2,2008,CL
Mauritius,F,2008,Status
Mauritius,1,2009,PR
Mauritius,2,2009,CL
Mauritius,F,2009,Status
Mauritius,1,2010,PR
Mauritius,2,2010,CL
Mauritius,F,2010,Status
Mauritius,1,2011,PR
Mauritius,2,2011,CL
Mauritius,F,2011,Status
Mauritius,1,2012,PR
Mauritius,2,2012,CL
Mauritius,F,2012,Status
Mauritius,1,2013,PR
Mauritius,2,2013,CL
Mauritius,F,2013,Status
Mauritius,1,2014,PR
Mauritius,2,2014,CL
Mauritius,F,2014,Status
Morocco,5,2000,PR
Morocco,4,2000,CL
Morocco,PF,2000,Status
Morocco,5,2001,PR
Morocco,5,2001,CL
Morocco,PF,2001,Status
Morocco,5,2002,PR
Morocco,5,2002,CL
Morocco,PF,2002,Status
Morocco,5,2003,PR
Morocco,5,2003,CL
Morocco,PF,2003,Status
Morocco,5,2004,PR
Morocco,4,2004,CL
Morocco,PF,2004,Status
Morocco,5,2005,PR
Morocco,4,2005,CL
Morocco,PF,2005,Status
Morocco,5,2006,PR
Morocco,4,2006,CL
Morocco,PF,2006,Status
Morocco,5,2007,PR
Morocco,4,2007,CL
Morocco,PF,2007,Status
Morocco,5,2008,PR
Morocco,4,2008,CL
Morocco,PF,2008,Status
Morocco,5,2009,PR
Morocco,4,2009,CL
Morocco,PF,2009,Status
Morocco,5,2010,PR
Morocco,4,2010,CL
Morocco,PF,2010,Status
Morocco,5,2011,PR
Morocco,4,2011,CL
Morocco,PF,2011,Status
Morocco,5,2012,PR
Morocco,4,2012,CL
Morocco,PF,2012,Status
Morocco,5,2013,PR
Morocco,4,2013,CL
Morocco,PF,2013,Status
Morocco,5,2014,PR
Morocco,4,2014,CL
Morocco,PF,2014,Status
Mozambique,3,2000,PR
Mozambique,4,2000,CL
Mozambique,PF,2000,Status
Mozambique,3,2001,PR
Mozambique,4,2001,CL
Mozambique,PF,2001,Status
Mozambique,3,2002,PR
Mozambique,4,2002,CL
Mozambique,PF,2002,Status
Mozambique,3,2003,PR
Mozambique,4,2003,CL
Mozambique,PF,2003,Status
Mozambique,3,2004,PR
Mozambique,4,2004,CL
Mozambique,PF,2004,Status
Mozambique,3,2005,PR
Mozambique,4,2005,CL
Mozambique,PF,2005,Status
Mozambique,3,2006,PR
Mozambique,4,2006,CL
Mozambique,PF,2006,Status
Mozambique,3,2007,PR
Mozambique,3,2007,CL
Mozambique,PF,2007,Status
Mozambique,3,2008,PR
Mozambique,3,2008,CL
Mozambique,PF,2008,Status
Mozambique,4,2009,PR
Mozambique,3,2009,CL
Mozambique,PF,2009,Status
Mozambique,4,2010,PR
Mozambique,3,2010,CL
Mozambique,PF,2010,Status
Mozambique,4,2011,PR
Mozambique,3,2011,CL
Mozambique,PF,2011,Status
Mozambique,4,2012,PR
Mozambique,3,2012,CL
Mozambique,PF,2012,Status
Mozambique,4,2013,PR
Mozambique,3,2013,CL
Mozambique,PF,2013,Status
Mozambique,4,2014,PR
Mozambique,3,2014,CL
Mozambique,PF,2014,Status
Namibia,2,2000,PR
Namibia,3,2000,CL
Namibia,F,2000,Status
Namibia,2,2001,PR
Namibia,3,2001,CL
Namibia,F,2001,Status
Namibia,2,2002,PR
Namibia,3,2002,CL
Namibia,F,2002,Status
Namibia,2,2003,PR
Namibia,3,2003,CL
Namibia,F,2003,Status
Namibia,2,2004,PR
Namibia,3,2004,CL
Namibia,F,2004,Status
Namibia,2,2005,PR
Namibia,2,2005,CL
Namibia,F,2005,Status
Namibia,2,2006,PR
Namibia,2,2006,CL
Namibia,F,2006,Status
Namibia,2,2007,PR
Namibia,2,2007,CL
Namibia,F,2007,Status
Namibia,2,2008,PR
Namibia,2,2008,CL
Namibia,F,2008,Status
Namibia,2,2009,PR
Namibia,2,2009,CL
Namibia,F,2009,Status
Namibia,2,2010,PR
Namibia,2,2010,CL
Namibia,F,2010,Status
Namibia,2,2011,PR
Namibia,2,2011,CL
Namibia,F,2011,Status
Namibia,2,2012,PR
Namibia,2,2012,CL
Namibia,F,2012,Status
Namibia,2,2013,PR
Namibia,2,2013,CL
Namibia,F,2013,Status
Namibia,2,2014,PR
Namibia,2,2014,CL
Namibia,F,2014,Status
Niger,4,2000,PR
Niger,4,2000,CL
Niger,PF,2000,Status
Niger,4,2001,PR
Niger,4,2001,CL
Niger,PF,2001,Status
Niger,4,2002,PR
Niger,4,2002,CL
Niger,PF,2002,Status
Niger,4,2003,PR
Niger,4,2003,CL
Niger,PF,2003,Status
Niger,3,2004,PR
Niger,3,2004,CL
Niger,PF,2004,Status
Niger,3,2005,PR
Niger,3,2005,CL
Niger,PF,2005,Status
Niger,3,2006,PR
Niger,3,2006,CL
Niger,PF,2006,Status
Niger,3,2007,PR
Niger,4,2007,CL
Niger,PF,2007,Status
Niger,3,2008,PR
Niger,4,2008,CL
Niger,PF,2008,Status
Niger,5,2009,PR
Niger,4,2009,CL
Niger,PF,2009,Status
Niger,5,2010,PR
Niger,4,2010,CL
Niger,PF,2010,Status
Niger,3,2011,PR
Niger,4,2011,CL
Niger,PF,2011,Status
Niger,3,2012,PR
Niger,4,2012,CL
Niger,PF,2012,Status
Niger,3,2013,PR
Niger,4,2013,CL
Niger,PF,2013,Status
Niger,3,2014,PR
Niger,4,2014,CL
Niger,PF,2014,Status
Nigeria,4,2000,PR
Nigeria,4,2000,CL
Nigeria,PF,2000,Status
Nigeria,4,2001,PR
Nigeria,5,2001,CL
Nigeria,PF,2001,Status
Nigeria,4,2002,PR
Nigeria,5,2002,CL
Nigeria,PF,2002,Status
Nigeria,4,2003,PR
Nigeria,4,2003,CL
Nigeria,PF,2003,Status
Nigeria,4,2004,PR
Nigeria,4,2004,CL
Nigeria,PF,2004,Status
Nigeria,4,2005,PR
Nigeria,4,2005,CL
Nigeria,PF,2005,Status
Nigeria,4,2006,PR
Nigeria,4,2006,CL
Nigeria,PF,2006,Status
Nigeria,4,2007,PR
Nigeria,4,2007,CL
Nigeria,PF,2007,Status
Nigeria,5,2008,PR
Nigeria,4,2008,CL
Nigeria,PF,2008,Status
Nigeria,5,2009,PR
Nigeria,4,2009,CL
Nigeria,PF,2009,Status
Nigeria,4,2010,PR
Nigeria,4,2010,CL
Nigeria,PF,2010,Status
Nigeria,4,2011,PR
Nigeria,4,2011,CL
Nigeria,PF,2011,Status
Nigeria,4,2012,PR
Nigeria,4,2012,CL
Nigeria,PF,2012,Status
Nigeria,4,2013,PR
Nigeria,4,2013,CL
Nigeria,PF,2013,Status
Nigeria,4,2014,PR
Nigeria,5,2014,CL
Nigeria,PF,2014,Status
Oman,6,2000,PR
Oman,5,2000,CL
Oman,NF,2000,Status
Oman,6,2001,PR
Oman,5,2001,CL
Oman,NF,2001,Status
Oman,6,2002,PR
Oman,5,2002,CL
Oman,NF,2002,Status
Oman,6,2003,PR
Oman,5,2003,CL
Oman,NF,2003,Status
Oman,6,2004,PR
Oman,5,2004,CL
Oman,NF,2004,Status
Oman,6,2005,PR
Oman,5,2005,CL
Oman,NF,2005,Status
Oman,6,2006,PR
Oman,5,2006,CL
Oman,NF,2006,Status
Oman,6,2007,PR
Oman,5,2007,CL
Oman,NF,2007,Status
Oman,6,2008,PR
Oman,5,2008,CL
Oman,NF,2008,Status
Oman,6,2009,PR
Oman,5,2009,CL
Oman,NF,2009,Status
Oman,6,2010,PR
Oman,5,2010,CL
Oman,NF,2010,Status
Oman,6,2011,PR
Oman,5,2011,CL
Oman,NF,2011,Status
Oman,6,2012,PR
Oman,5,2012,CL
Oman,NF,2012,Status
Oman,6,2013,PR
Oman,5,2013,CL
Oman,NF,2013,Status
Oman,6,2014,PR
Oman,5,2014,CL
Oman,NF,2014,Status
Qatar,6,2000,PR
Qatar,6,2000,CL
Qatar,NF,2000,Status
Qatar,6,2001,PR
Qatar,6,2001,CL
Qatar,NF,2001,Status
Qatar,6,2002,PR
Qatar,6,2002,CL
Qatar,NF,2002,Status
Qatar,6,2003,PR
Qatar,6,2003,CL
Qatar,NF,2003,Status
Qatar,6,2004,PR
Qatar,5,2004,CL
Qatar,NF,2004,Status
Qatar,6,2005,PR
Qatar,5,2005,CL
Qatar,NF,2005,Status
Qatar,6,2006,PR
Qatar,5,2006,CL
Qatar,NF,2006,Status
Qatar,6,2007,PR
Qatar,5,2007,CL
Qatar,NF,2007,Status
Qatar,6,2008,PR
Qatar,5,2008,CL
Qatar,NF,2008,Status
Qatar,6,2009,PR
Qatar,5,2009,CL
Qatar,NF,2009,Status
Qatar,6,2010,PR
Qatar,5,2010,CL
Qatar,NF,2010,Status
Qatar,6,2011,PR
Qatar,5,2011,CL
Qatar,NF,2011,Status
Qatar,6,2012,PR
Qatar,5,2012,CL
Qatar,NF,2012,Status
Qatar,6,2013,PR
Qatar,5,2013,CL
Qatar,NF,2013,Status
Qatar,6,2014,PR
Qatar,5,2014,CL
Qatar,NF,2014,Status
Rwanda,7,2000,PR
Rwanda,6,2000,CL
Rwanda,NF,2000,Status
Rwanda,7,2001,PR
Rwanda,6,2001,CL
Rwanda,NF,2001,Status
Rwanda,7,2002,PR
Rwanda,5,2002,CL
Rwanda,NF,2002,Status
Rwanda,6,2003,PR
Rwanda,5,2003,CL
Rwanda,NF,2003,Status
Rwanda,6,2004,PR
Rwanda,5,2004,CL
Rwanda,NF,2004,Status
Rwanda,6,2005,PR
Rwanda,5,2005,CL
Rwanda,NF,2005,Status
Rwanda,6,2006,PR
Rwanda,5,2006,CL
Rwanda,NF,2006,Status
Rwanda,6,2007,PR
Rwanda,5,2007,CL
Rwanda,NF,2007,Status
Rwanda,6,2008,PR
Rwanda,5,2008,CL
Rwanda,NF,2008,Status
Rwanda,6,2009,PR
Rwanda,5,2009,CL
Rwanda,NF,2009,Status
Rwanda,6,2010,PR
Rwanda,5,2010,CL
Rwanda,NF,2010,Status
Rwanda,6,2011,PR
Rwanda,5,2011,CL
Rwanda,NF,2011,Status
Rwanda,6,2012,PR
Rwanda,6,2012,CL
Rwanda,NF,2012,Status
Rwanda,6,2013,PR
Rwanda,5,2013,CL
Rwanda,NF,2013,Status
Rwanda,6,2014,PR
Rwanda,6,2014,CL
Rwanda,NF,2014,Status
Sao Tome and Principe,1,2000,PR
Sao Tome and Principe,2,2000,CL
Sao Tome and Principe,F,2000,Status
Sao Tome and Principe,1,2001,PR
Sao Tome and Principe,2,2001,CL
Sao Tome and Principe,F,2001,Status
Sao Tome and Principe,1,2002,PR
Sao Tome and Principe,2,2002,CL
Sao Tome and Principe,F,2002,Status
Sao Tome and Principe,2,2003,PR
Sao Tome and Principe,2,2003,CL
Sao Tome and Principe,F,2003,Status
Sao Tome and Principe,2,2004,PR
Sao Tome and Principe,2,2004,CL
Sao Tome and Principe,F,2004,Status
Sao Tome and Principe,2,2005,PR
Sao Tome and Principe,2,2005,CL
Sao Tome and Principe,F,2005,Status
Sao Tome and Principe,2,2006,PR
Sao Tome and Principe,2,2006,CL
Sao Tome and Principe,F,2006,Status
Sao Tome and Principe,2,2007,PR
Sao Tome and Principe,2,2007,CL
Sao Tome and Principe,F,2007,Status
Sao Tome and Principe,2,2008,PR
Sao Tome and Principe,2,2008,CL
Sao Tome and Principe,F,2008,Status
Sao Tome and Principe,2,2009,PR
Sao Tome and Principe,2,2009,CL
Sao Tome and Principe,F,2009,Status
Sao Tome and Principe,2,2010,PR
Sao Tome and Principe,2,2010,CL
Sao Tome and Principe,F,2010,Status
Sao Tome and Principe,2,2011,PR
Sao Tome and Principe,2,2011,CL
Sao Tome and Principe,F,2011,Status
Sao Tome and Principe,2,2012,PR
Sao Tome and Principe,2,2012,CL
Sao Tome and Principe,F,2012,Status
Sao Tome and Principe,2,2013,PR
Sao Tome and Principe,2,2013,CL
Sao Tome and Principe,F,2013,Status
Sao Tome and Principe,2,2014,PR
Sao Tome and Principe,2,2014,CL
Sao Tome and Principe,F,2014,Status
Saudi Arabia,7,2000,PR
Saudi Arabia,7,2000,CL
Saudi Arabia,NF,2000,Status
Saudi Arabia,7,2001,PR
Saudi Arabia,7,2001,CL
Saudi Arabia,NF,2001,Status
Saudi Arabia,7,2002,PR
Saudi Arabia,7,2002,CL
Saudi Arabia,NF,2002,Status
Saudi Arabia,7,2003,PR
Saudi Arabia,7,2003,CL
Saudi Arabia,NF,2003,Status
Saudi Arabia,7,2004,PR
Saudi Arabia,7,2004,CL
Saudi Arabia,NF,2004,Status
Saudi Arabia,7,2005,PR
Saudi Arabia,6,2005,CL
Saudi Arabia,NF,2005,Status
Saudi Arabia,7,2006,PR
Saudi Arabia,6,2006,CL
Saudi Arabia,NF,2006,Status
Saudi Arabia,7,2007,PR
Saudi Arabia,6,2007,CL
Saudi Arabia,NF,2007,Status
Saudi Arabia,7,2008,PR
Saudi Arabia,6,2008,CL
Saudi Arabia,NF,2008,Status
Saudi Arabia,7,2009,PR
Saudi Arabia,6,2009,CL
Saudi Arabia,NF,2009,Status
Saudi Arabia,7,2010,PR
Saudi Arabia,6,2010,CL
Saudi Arabia,NF,2010,Status
Saudi Arabia,7,2011,PR
Saudi Arabia,7,2011,CL
Saudi Arabia,NF,2011,Status
Saudi Arabia,7,2012,PR
Saudi Arabia,7,2012,CL
Saudi Arabia,NF,2012,Status
Saudi Arabia,7,2013,PR
Saudi Arabia,7,2013,CL
Saudi Arabia,NF,2013,Status
Saudi Arabia,7,2014,PR
Saudi Arabia,7,2014,CL
Saudi Arabia,NF,2014,Status
Senegal,3,2000,PR
Senegal,4,2000,CL
Senegal,PF,2000,Status
Senegal,3,2001,PR
Senegal,4,2001,CL
Senegal,PF,2001,Status
Senegal,2,2002,PR
Senegal,3,2002,CL
Senegal,F,2002,Status
Senegal,2,2003,PR
Senegal,3,2003,CL
Senegal,F,2003,Status
Senegal,2,2004,PR
Senegal,3,2004,CL
Senegal,F,2004,Status
Senegal,2,2005,PR
Senegal,3,2005,CL
Senegal,F,2005,Status
Senegal,2,2006,PR
Senegal,3,2006,CL
Senegal,F,2006,Status
Senegal,2,2007,PR
Senegal,3,2007,CL
Senegal,F,2007,Status
Senegal,3,2008,PR
Senegal,3,2008,CL
Senegal,PF,2008,Status
Senegal,3,2009,PR
Senegal,3,2009,CL
Senegal,PF,2009,Status
Senegal,3,2010,PR
Senegal,3,2010,CL
Senegal,PF,2010,Status
Senegal,3,2011,PR
Senegal,3,2011,CL
Senegal,PF,2011,Status
Senegal,2,2012,PR
Senegal,3,2012,CL
Senegal,F,2012,Status
Senegal,2,2013,PR
Senegal,2,2013,CL
Senegal,F,2013,Status
Senegal,2,2014,PR
Senegal,2,2014,CL
Senegal,F,2014,Status
Sierra Leone,4,2000,PR
Sierra Leone,5,2000,CL
Sierra Leone,PF,2000,Status
Sierra Leone,4,2001,PR
Sierra Leone,5,2001,CL
Sierra Leone,PF,2001,Status
Sierra Leone,4,2002,PR
Sierra Leone,4,2002,CL
Sierra Leone,PF,2002,Status
Sierra Leone,4,2003,PR
Sierra Leone,3,2003,CL
Sierra Leone,PF,2003,Status
Sierra Leone,4,2004,PR
Sierra Leone,3,2004,CL
Sierra Leone,PF,2004,Status
Sierra Leone,4,2005,PR
Sierra Leone,3,2005,CL
Sierra Leone,PF,2005,Status
Sierra Leone,4,2006,PR
Sierra Leone,3,2006,CL
Sierra Leone,PF,2006,Status
Sierra Leone,3,2007,PR
Sierra Leone,3,2007,CL
Sierra Leone,PF,2007,Status
Sierra Leone,3,2008,PR
Sierra Leone,3,2008,CL
Sierra Leone,PF,2008,Status
Sierra Leone,3,2009,PR
Sierra Leone,3,2009,CL
Sierra Leone,PF,2009,Status
Sierra Leone,3,2010,PR
Sierra Leone,3,2010,CL
Sierra Leone,PF,2010,Status
Sierra Leone,3,2011,PR
Sierra Leone,3,2011,CL
Sierra Leone,PF,2011,Status
Sierra Leone,2,2012,PR
Sierra Leone,3,2012,CL
Sierra Leone,F,2012,Status
Sierra Leone,3,2013,PR
Sierra Leone,3,2013,CL
Sierra Leone,PF,2013,Status
Sierra Leone,3,2014,PR
Sierra Leone,3,2014,CL
Sierra Leone,PF,2014,Status
Somalia,6,2000,PR
Somalia,7,2000,CL
Somalia,NF,2000,Status
Somalia,6,2001,PR
Somalia,7,2001,CL
Somalia,NF,2001,Status
Somalia,6,2002,PR
Somalia,7,2002,CL
Somalia,NF,2002,Status
Somalia,6,2003,PR
Somalia,7,2003,CL
Somalia,NF,2003,Status
Somalia,6,2004,PR
Somalia,7,2004,CL
Somalia,NF,2004,Status
Somalia,6,2005,PR
Somalia,7,2005,CL
Somalia,NF,2005,Status
Somalia,7,2006,PR
Somalia,7,2006,CL
Somalia,NF,2006,Status
Somalia,7,2007,PR
Somalia,7,2007,CL
Somalia,NF,2007,Status
Somalia,7,2008,PR
Somalia,7,2008,CL
Somalia,NF,2008,Status
Somalia,7,2009,PR
Somalia,7,2009,CL
Somalia,NF,2009,Status
Somalia,7,2010,PR
Somalia,7,2010,CL
Somalia,NF,2010,Status
Somalia,7,2011,PR
Somalia,7,2011,CL
Somalia,NF,2011,Status
Somalia,7,2012,PR
Somalia,7,2012,CL
Somalia,NF,2012,Status
Somalia,7,2013,PR
Somalia,7,2013,CL
Somalia,NF,2013,Status
Somalia,7,2014,PR
Somalia,7,2014,CL
Somalia,NF,2014,Status
South Africa,1,2000,PR
South Africa,2,2000,CL
South Africa,F,2000,Status
South Africa,1,2001,PR
South Africa,2,2001,CL
South Africa,F,2001,Status
South Africa,1,2002,PR
South Africa,2,2002,CL
South Africa,F,2002,Status
South Africa,1,2003,PR
South Africa,2,2003,CL
South Africa,F,2003,Status
South Africa,1,2004,PR
South Africa,2,2004,CL
South Africa,F,2004,Status
South Africa,1,2005,PR
South Africa,2,2005,CL
South Africa,F,2005,Status
South Africa,2,2006,PR
South Africa,2,2006,CL
South Africa,F,2006,Status
South Africa,2,2007,PR
South Africa,2,2007,CL
South Africa,F,2007,Status
South Africa,2,2008,PR
South Africa,2,2008,CL
South Africa,F,2008,Status
South Africa,2,2009,PR
South Africa,2,2009,CL
South Africa,F,2009,Status
South Africa,2,2010,PR
South Africa,2,2010,CL
South Africa,F,2010,Status
South Africa,2,2011,PR
South Africa,2,2011,CL
South Africa,F,2011,Status
South Africa,2,2012,PR
South Africa,2,2012,CL
South Africa,F,2012,Status
South Africa,2,2013,PR
South Africa,2,2013,CL
South Africa,F,2013,Status
South Africa,2,2014,PR
South Africa,2,2014,CL
South Africa,F,2014,Status
South Sudan,-,2000,PR
South Sudan,-,2000,CL
South Sudan,-,2000,Status
South Sudan,-,2001,PR
South Sudan,-,2001,CL
South Sudan,-,2001,Status
South Sudan,-,2002,PR
South Sudan,-,2002,CL
South Sudan,-,2002,Status
South Sudan,-,2003,PR
South Sudan,-,2003,CL
South Sudan,-,2003,Status
South Sudan,-,2004,PR
South Sudan,-,2004,CL
South Sudan,-,2004,Status
South Sudan,-,2005,PR
South Sudan,-,2005,CL
South Sudan,-,2005,Status
South Sudan,-,2006,PR
South Sudan,-,2006,CL
South Sudan,-,2006,Status
South Sudan,-,2007,PR
South Sudan,-,2007,CL
South Sudan,-,2007,Status
South Sudan,-,2008,PR
South Sudan,-,2008,CL
South Sudan,-,2008,Status
South Sudan,-,2009,PR
South Sudan,-,2009,CL
South Sudan,-,2009,Status
South Sudan,-,2010,PR
South Sudan,-,2010,CL
South Sudan,-,2010,Status
South Sudan,6,2011,PR
South Sudan,5,2011,CL
South Sudan,NF,2011,Status
South Sudan,6,2012,PR
South Sudan,5,2012,CL
South Sudan,NF,2012,Status
South Sudan,6,2013,PR
South Sudan,6,2013,CL
South Sudan,NF,2013,Status
South Sudan,7,2014,PR
South Sudan,6,2014,CL
South Sudan,NF,2014,Status
Sudan,7,2000,PR
Sudan,7,2000,CL
Sudan,NF,2000,Status
Sudan,7,2001,PR
Sudan,7,2001,CL
Sudan,NF,2001,Status
Sudan,7,2002,PR
Sudan,7,2002,CL
Sudan,NF,2002,Status
Sudan,7,2003,PR
Sudan,7,2003,CL
Sudan,NF,2003,Status
Sudan,7,2004,PR
Sudan,7,2004,CL
Sudan,NF,2004,Status
Sudan,7,2005,PR
Sudan,7,2005,CL
Sudan,NF,2005,Status
Sudan,7,2006,PR
Sudan,7,2006,CL
Sudan,NF,2006,Status
Sudan,7,2007,PR
Sudan,7,2007,CL
Sudan,NF,2007,Status
Sudan,7,2008,PR
Sudan,7,2008,CL
Sudan,NF,2008,Status
Sudan,7,2009,PR
Sudan,7,2009,CL
Sudan,NF,2009,Status
Sudan,7,2010,PR
Sudan,7,2010,CL
Sudan,NF,2010,Status
Sudan,7,2011,PR
Sudan,7,2011,CL
Sudan,NF,2011,Status
Sudan,7,2012,PR
Sudan,7,2012,CL
Sudan,NF,2012,Status
Sudan,7,2013,PR
Sudan,7,2013,CL
Sudan,NF,2013,Status
Sudan,7,2014,PR
Sudan,7,2014,CL
Sudan,NF,2014,Status
Swaziland,6,2000,PR
Swaziland,5,2000,CL
Swaziland,NF,2000,Status
Swaziland,6,2001,PR
Swaziland,5,2001,CL
Swaziland,NF,2001,Status
Swaziland,6,2002,PR
Swaziland,5,2002,CL
Swaziland,NF,2002,Status
Swaziland,7,2003,PR
Swaziland,5,2003,CL
Swaziland,NF,2003,Status
Swaziland,7,2004,PR
Swaziland,5,2004,CL
Swaziland,NF,2004,Status
Swaziland,7,2005,PR
Swaziland,5,2005,CL
Swaziland,NF,2005,Status
Swaziland,7,2006,PR
Swaziland,5,2006,CL
Swaziland,NF,2006,Status
Swaziland,7,2007,PR
Swaziland,5,2007,CL
Swaziland,NF,2007,Status
Swaziland,7,2008,PR
Swaziland,5,2008,CL
Swaziland,NF,2008,Status
Swaziland,7,2009,PR
Swaziland,5,2009,CL
Swaziland,NF,2009,Status
Swaziland,7,2010,PR
Swaziland,5,2010,CL
Swaziland,NF,2010,Status
Swaziland,7,2011,PR
Swaziland,5,2011,CL
Swaziland,NF,2011,Status
Swaziland,7,2012,PR
Swaziland,5,2012,CL
Swaziland,NF,2012,Status
Swaziland,7,2013,PR
Swaziland,5,2013,CL
Swaziland,NF,2013,Status
Swaziland,7,2014,PR
Swaziland,5,2014,CL
Swaziland,NF,2014,Status
Syria,7,2000,PR
Syria,7,2000,CL
Syria,NF,2000,Status
Syria,7,2001,PR
Syria,7,2001,CL
Syria,NF,2001,Status
Syria,7,2002,PR
Syria,7,2002,CL
Syria,NF,2002,Status
Syria,7,2003,PR
Syria,7,2003,CL
Syria,NF,2003,Status
Syria,7,2004,PR
Syria,7,2004,CL
Syria,NF,2004,Status
Syria,7,2005,PR
Syria,7,2005,CL
Syria,NF,2005,Status
Syria,7,2006,PR
Syria,6,2006,CL
Syria,NF,2006,Status
Syria,7,2007,PR
Syria,6,2007,CL
Syria,NF,2007,Status
Syria,7,2008,PR
Syria,6,2008,CL
Syria,NF,2008,Status
Syria,7,2009,PR
Syria,6,2009,CL
Syria,NF,2009,Status
Syria,7,2010,PR
Syria,6,2010,CL
Syria,NF,2010,Status
Syria,7,2011,PR
Syria,7,2011,CL
Syria,NF,2011,Status
Syria,7,2012,PR
Syria,7,2012,CL
Syria,NF,2012,Status
Syria,7,2013,PR
Syria,7,2013,CL
Syria,NF,2013,Status
Syria,7,2014,PR
Syria,7,2014,CL
Syria,NF,2014,Status
Tanzania,4,2000,PR
Tanzania,4,2000,CL
Tanzania,PF,2000,Status
Tanzania,4,2001,PR
Tanzania,4,2001,CL
Tanzania,PF,2001,Status
Tanzania,4,2002,PR
Tanzania,3,2002,CL
Tanzania,PF,2002,Status
Tanzania,4,2003,PR
Tanzania,3,2003,CL
Tanzania,PF,2003,Status
Tanzania,4,2004,PR
Tanzania,3,2004,CL
Tanzania,PF,2004,Status
Tanzania,4,2005,PR
Tanzania,3,2005,CL
Tanzania,PF,2005,Status
Tanzania,4,2006,PR
Tanzania,3,2006,CL
Tanzania,PF,2006,Status
Tanzania,4,2007,PR
Tanzania,3,2007,CL
Tanzania,PF,2007,Status
Tanzania,4,2008,PR
Tanzania,3,2008,CL
Tanzania,PF,2008,Status
Tanzania,4,2009,PR
Tanzania,3,2009,CL
Tanzania,PF,2009,Status
Tanzania,3,2010,PR
Tanzania,3,2010,CL
Tanzania,PF,2010,Status
Tanzania,3,2011,PR
Tanzania,3,2011,CL
Tanzania,PF,2011,Status
Tanzania,3,2012,PR
Tanzania,3,2012,CL
Tanzania,PF,2012,Status
Tanzania,3,2013,PR
Tanzania,3,2013,CL
Tanzania,PF,2013,Status
Tanzania,3,2014,PR
Tanzania,3,2014,CL
Tanzania,PF,2014,Status
The Gambia,7,2000,PR
The Gambia,5,2000,CL
The Gambia,NF,2000,Status
The Gambia,5,2001,PR
The Gambia,5,2001,CL
The Gambia,PF,2001,Status
The Gambia,4,2002,PR
The Gambia,4,2002,CL
The Gambia,PF,2002,Status
The Gambia,4,2003,PR
The Gambia,4,2003,CL
The Gambia,PF,2003,Status
The Gambia,4,2004,PR
The Gambia,4,2004,CL
The Gambia,PF,2004,Status
The Gambia,5,2005,PR
The Gambia,4,2005,CL
The Gambia,PF,2005,Status
The Gambia,5,2006,PR
The Gambia,4,2006,CL
The Gambia,PF,2006,Status
The Gambia,5,2007,PR
The Gambia,4,2007,CL
The Gambia,PF,2007,Status
The Gambia,5,2008,PR
The Gambia,4,2008,CL
The Gambia,PF,2008,Status
The Gambia,5,2009,PR
The Gambia,5,2009,CL
The Gambia,PF,2009,Status
The Gambia,5,2010,PR
The Gambia,5,2010,CL
The Gambia,PF,2010,Status
The Gambia,6,2011,PR
The Gambia,5,2011,CL
The Gambia,NF,2011,Status
The Gambia,6,2012,PR
The Gambia,6,2012,CL
The Gambia,NF,2012,Status
The Gambia,6,2013,PR
The Gambia,6,2013,CL
The Gambia,NF,2013,Status
The Gambia,6,2014,PR
The Gambia,6,2014,CL
The Gambia,NF,2014,Status
Togo,5,2000,PR
Togo,5,2000,CL
Togo,PF,2000,Status
Togo,5,2001,PR
Togo,5,2001,CL
Togo,PF,2001,Status
Togo,6,2002,PR
Togo,5,2002,CL
Togo,NF,2002,Status
Togo,6,2003,PR
Togo,5,2003,CL
Togo,NF,2003,Status
Togo,6,2004,PR
Togo,5,2004,CL
Togo,NF,2004,Status
Togo,6,2005,PR
Togo,5,2005,CL
Togo,NF,2005,Status
Togo,6,2006,PR
Togo,5,2006,CL
Togo,NF,2006,Status
Togo,5,2007,PR
Togo,5,2007,CL
Togo,PF,2007,Status
Togo,5,2008,PR
Togo,5,2008,CL
Togo,PF,2008,Status
Togo,5,2009,PR
Togo,4,2009,CL
Togo,PF,2009,Status
Togo,5,2010,PR
Togo,4,2010,CL
Togo,PF,2010,Status
Togo,5,2011,PR
Togo,4,2011,CL
Togo,PF,2011,Status
Togo,5,2012,PR
Togo,4,2012,CL
Togo,PF,2012,Status
Togo,4,2013,PR
Togo,4,2013,CL
Togo,PF,2013,Status
Togo,4,2014,PR
Togo,4,2014,CL
Togo,PF,2014,Status
Tunisia,6,2000,PR
Tunisia,5,2000,CL
Tunisia,NF,2000,Status
Tunisia,6,2001,PR
Tunisia,5,2001,CL
Tunisia,NF,2001,Status
Tunisia,6,2002,PR
Tunisia,5,2002,CL
Tunisia,NF,2002,Status
Tunisia,6,2003,PR
Tunisia,5,2003,CL
Tunisia,NF,2003,Status
Tunisia,6,2004,PR
Tunisia,5,2004,CL
Tunisia,NF,2004,Status
Tunisia,6,2005,PR
Tunisia,5,2005,CL
Tunisia,NF,2005,Status
Tunisia,6,2006,PR
Tunisia,5,2006,CL
Tunisia,NF,2006,Status
Tunisia,7,2007,PR
Tunisia,5,2007,CL
Tunisia,NF,2007,Status
Tunisia,7,2008,PR
Tunisia,5,2008,CL
Tunisia,NF,2008,Status
Tunisia,7,2009,PR
Tunisia,5,2009,CL
Tunisia,NF,2009,Status
Tunisia,7,2010,PR
Tunisia,5,2010,CL
Tunisia,NF,2010,Status
Tunisia,3,2011,PR
Tunisia,4,2011,CL
Tunisia,PF,2011,Status
Tunisia,3,2012,PR
Tunisia,4,2012,CL
Tunisia,PF,2012,Status
Tunisia,3,2013,PR
Tunisia,3,2013,CL
Tunisia,PF,2013,Status
Tunisia,1,2014,PR
Tunisia,3,2014,CL
Tunisia,F,2014,Status
Turkey,4,2000,PR
Turkey,5,2000,CL
Turkey,PF,2000,Status
Turkey,4,2001,PR
Turkey,5,2001,CL
Turkey,PF,2001,Status
Turkey,3,2002,PR
Turkey,4,2002,CL
Turkey,PF,2002,Status
Turkey,3,2003,PR
Turkey,4,2003,CL
Turkey,PF,2003,Status
Turkey,3,2004,PR
Turkey,3,2004,CL
Turkey,PF,2004,Status
Turkey,3,2005,PR
Turkey,3,2005,CL
Turkey,PF,2005,Status
Turkey,3,2006,PR
Turkey,3,2006,CL
Turkey,PF,2006,Status
Turkey,3,2007,PR
Turkey,3,2007,CL
Turkey,PF,2007,Status
Turkey,3,2008,PR
Turkey,3,2008,CL
Turkey,PF,2008,Status
Turkey,3,2009,PR
Turkey,3,2009,CL
Turkey,PF,2009,Status
Turkey,3,2010,PR
Turkey,3,2010,CL
Turkey,PF,2010,Status
Turkey,3,2011,PR
Turkey,3,2011,CL
Turkey,PF,2011,Status
Turkey,3,2012,PR
Turkey,4,2012,CL
Turkey,PF,2012,Status
Turkey,3,2013,PR
Turkey,4,2013,CL
Turkey,PF,2013,Status
Turkey,3,2014,PR
Turkey,4,2014,CL
Turkey,PF,2014,Status
Uganda,6,2000,PR
Uganda,5,2000,CL
Uganda,PF,2000,Status
Uganda,6,2001,PR
Uganda,5,2001,CL
Uganda,PF,2001,Status
Uganda,6,2002,PR
Uganda,4,2002,CL
Uganda,PF,2002,Status
Uganda,5,2003,PR
Uganda,4,2003,CL
Uganda,PF,2003,Status
Uganda,5,2004,PR
Uganda,4,2004,CL
Uganda,PF,2004,Status
Uganda,5,2005,PR
Uganda,4,2005,CL
Uganda,PF,2005,Status
Uganda,5,2006,PR
Uganda,4,2006,CL
Uganda,PF,2006,Status
Uganda,5,2007,PR
Uganda,4,2007,CL
Uganda,PF,2007,Status
Uganda,5,2008,PR
Uganda,4,2008,CL
Uganda,PF,2008,Status
Uganda,5,2009,PR
Uganda,4,2009,CL
Uganda,PF,2009,Status
Uganda,5,2010,PR
Uganda,4,2010,CL
Uganda,PF,2010,Status
Uganda,5,2011,PR
Uganda,4,2011,CL
Uganda,PF,2011,Status
Uganda,5,2012,PR
Uganda,4,2012,CL
Uganda,PF,2012,Status
Uganda,6,2013,PR
Uganda,4,2013,CL
Uganda,PF,2013,Status
Uganda,6,2014,PR
Uganda,5,2014,CL
Uganda,NF,2014,Status
United Arab Emirates,6,2000,PR
United Arab Emirates,5,2000,CL
United Arab Emirates,NF,2000,Status
United Arab Emirates,6,2001,PR
United Arab Emirates,5,2001,CL
United Arab Emirates,NF,2001,Status
United Arab Emirates,6,2002,PR
United Arab Emirates,5,2002,CL
United Arab Emirates,NF,2002,Status
United Arab Emirates,6,2003,PR
United Arab Emirates,6,2003,CL
United Arab Emirates,NF,2003,Status
United Arab Emirates,6,2004,PR
United Arab Emirates,6,2004,CL
United Arab Emirates,NF,2004,Status
United Arab Emirates,6,2005,PR
United Arab Emirates,6,2005,CL
United Arab Emirates,NF,2005,Status
United Arab Emirates,6,2006,PR
United Arab Emirates,5,2006,CL
United Arab Emirates,NF,2006,Status
United Arab Emirates,6,2007,PR
United Arab Emirates,5,2007,CL
United Arab Emirates,NF,2007,Status
United Arab Emirates,6,2008,PR
United Arab Emirates,5,2008,CL
United Arab Emirates,NF,2008,Status
United Arab Emirates,6,2009,PR
United Arab Emirates,5,2009,CL
United Arab Emirates,NF,2009,Status
United Arab Emirates,6,2010,PR
United Arab Emirates,5,2010,CL
United Arab Emirates,NF,2010,Status
United Arab Emirates,6,2011,PR
United Arab Emirates,6,2011,CL
United Arab Emirates,NF,2011,Status
United Arab Emirates,6,2012,PR
United Arab Emirates,6,2012,CL
United Arab Emirates,NF,2012,Status
United Arab Emirates,6,2013,PR
United Arab Emirates,6,2013,CL
United Arab Emirates,NF,2013,Status
United Arab Emirates,6,2014,PR
United Arab Emirates,6,2014,CL
United Arab Emirates,NF,2014,Status
Yemen,5,2000,PR
Yemen,6,2000,CL
Yemen,NF,2000,Status
Yemen,6,2001,PR
Yemen,6,2001,CL
Yemen,NF,2001,Status
Yemen,6,2002,PR
Yemen,5,2002,CL
Yemen,NF,2002,Status
Yemen,5,2003,PR
Yemen,5,2003,CL
Yemen,PF,2003,Status
Yemen,5,2004,PR
Yemen,5,2004,CL
Yemen,PF,2004,Status
Yemen,5,2005,PR
Yemen,5,2005,CL
Yemen,PF,2005,Status
Yemen,5,2006,PR
Yemen,5,2006,CL
Yemen,PF,2006,Status
Yemen,5,2007,PR
Yemen,5,2007,CL
Yemen,PF,2007,Status
Yemen,5,2008,PR
Yemen,5,2008,CL
Yemen,PF,2008,Status
Yemen,6,2009,PR
Yemen,5,2009,CL
Yemen,NF,2009,Status
Yemen,6,2010,PR
Yemen,5,2010,CL
Yemen,NF,2010,Status
Yemen,6,2011,PR
Yemen,6,2011,CL
Yemen,NF,2011,Status
Yemen,6,2012,PR
Yemen,6,2012,CL
Yemen,NF,2012,Status
Yemen,6,2013,PR
Yemen,6,2013,CL
Yemen,NF,2013,Status
Yemen,6,2014,PR
Yemen,6,2014,CL
Yemen,NF,2014,Status
Zambia,5,2000,PR
Zambia,4,2000,CL
Zambia,PF,2000,Status
Zambia,5,2001,PR
Zambia,4,2001,CL
Zambia,PF,2001,Status
Zambia,4,2002,PR
Zambia,4,2002,CL
Zambia,PF,2002,Status
Zambia,4,2003,PR
Zambia,4,2003,CL
Zambia,PF,2003,Status
Zambia,4,2004,PR
Zambia,4,2004,CL
Zambia,PF,2004,Status
Zambia,4,2005,PR
Zambia,4,2005,CL
Zambia,PF,2005,Status
Zambia,3,2006,PR
Zambia,4,2006,CL
Zambia,PF,2006,Status
Zambia,3,2007,PR
Zambia,4,2007,CL
Zambia,PF,2007,Status
Zambia,3,2008,PR
Zambia,3,2008,CL
Zambia,PF,2008,Status
Zambia,3,2009,PR
Zambia,4,2009,CL
Zambia,PF,2009,Status
Zambia,3,2010,PR
Zambia,4,2010,CL
Zambia,PF,2010,Status
Zambia,3,2011,PR
Zambia,4,2011,CL
Zambia,PF,2011,Status
Zambia,3,2012,PR
Zambia,4,2012,CL
Zambia,PF,2012,Status
Zambia,3,2013,PR
Zambia,4,2013,CL
Zambia,PF,2013,Status
Zambia,3,2014,PR
Zambia,4,2014,CL
Zambia,PF,2014,Status
Zimbabwe,6,2000,PR
Zimbabwe,5,2000,CL
Zimbabwe,PF,2000,Status
Zimbabwe,6,2001,PR
Zimbabwe,6,2001,CL
Zimbabwe,NF,2001,Status
Zimbabwe,6,2002,PR
Zimbabwe,6,2002,CL
Zimbabwe,NF,2002,Status
Zimbabwe,6,2003,PR
Zimbabwe,6,2003,CL
Zimbabwe,NF,2003,Status
Zimbabwe,7,2004,PR
Zimbabwe,6,2004,CL
Zimbabwe,NF,2004,Status
Zimbabwe,7,2005,PR
Zimbabwe,6,2005,CL
Zimbabwe,NF,2005,Status
Zimbabwe,7,2006,PR
Zimbabwe,6,2006,CL
Zimbabwe,NF,2006,Status
Zimbabwe,7,2007,PR
Zimbabwe,6,2007,CL
Zimbabwe,NF,2007,Status
Zimbabwe,7,2008,PR
Zimbabwe,6,2008,CL
Zimbabwe,NF,2008,Status
Zimbabwe,6,2009,PR
Zimbabwe,6,2009,CL
Zimbabwe,NF,2009,Status
Zimbabwe,6,2010,PR
Zimbabwe,6,2010,CL
Zimbabwe,NF,2010,Status
Zimbabwe,6,2011,PR
Zimbabwe,6,2011,CL
Zimbabwe,NF,2011,Status
Zimbabwe,6,2012,PR
Zimbabwe,6,2012,CL
Zimbabwe,NF,2012,Status
Zimbabwe,5,2013,PR
Zimbabwe,6,2013,CL
Zimbabwe,NF,2013,Status
Zimbabwe,5,2014,PR
Zimbabwe,6,2014,CL
Zimbabwe,NF,2014,Status
Israeli-Occupied Territories,6,2000,PR
Israeli-Occupied Territories,6,2000,CL
Israeli-Occupied Territories,NF,2000,Status
Israeli-Occupied Territories,6,2001,PR
Israeli-Occupied Territories,6,2001,CL
Israeli-Occupied Territories,NF,2001,Status
Israeli-Occupied Territories,6,2002,PR
Israeli-Occupied Territories,6,2002,CL
Israeli-Occupied Territories,NF,2002,Status
Israeli-Occupied Territories,6,2003,PR
Israeli-Occupied Territories,6,2003,CL
Israeli-Occupied Territories,NF,2003,Status
Israeli-Occupied Territories,6,2004,PR
Israeli-Occupied Territories,6,2004,CL
Israeli-Occupied Territories,NF,2004,Status
Israeli-Occupied Territories,6,2005,PR
Israeli-Occupied Territories,5,2005,CL
Israeli-Occupied Territories,NF,2005,Status
Israeli-Occupied Territories,6,2006,PR
Israeli-Occupied Territories,5,2006,CL
Israeli-Occupied Territories,NF,2006,Status
Israeli-Occupied Territories,6,2007,PR
Israeli-Occupied Territories,6,2007,CL
Israeli-Occupied Territories,NF,2007,Status
Israeli-Occupied Territories,6,2008,PR
Israeli-Occupied Territories,6,2008,CL
Israeli-Occupied Territories,NF,2008,Status
Israeli-Occupied Territories,6,2009,PR
Israeli-Occupied Territories,6,2009,CL
Israeli-Occupied Territories,NF,2009,Status
Israeli-Occupied Territories,-,2010,PR
Israeli-Occupied Territories,-,2010,CL
Israeli-Occupied Territories,-,2010,Status
Israeli-Occupied Territories,-,2011,PR
Israeli-Occupied Territories,-,2011,CL
Israeli-Occupied Territories,-,2011,Status
Israeli-Occupied Territories,-,2012,PR
Israeli-Occupied Territories,-,2012,CL
Israeli-Occupied Territories,-,2012,Status
Israeli-Occupied Territories,-,2013,PR
Israeli-Occupied Territories,-,2013,CL
Israeli-Occupied Territories,-,2013,Status
Israeli-Occupied Territories,-,2014,PR
Israeli-Occupied Territories,-,2014,CL
Israeli-Occupied Territories,-,2014,Status
